Page Count,Touch Count,Fault Count,Extra Faults
4096,0,0,0
4096,1,1,0
4096,2,2,0
4096,3,3,0
4096,4,4,0
4096,5,5,0
4096,6,6,0
4096,7,7,0
4096,8,8,0
4096,9,9,0
4096,10,10,0
4096,11,11,0
4096,12,12,0
4096,13,13,0
4096,14,14,0
4096,15,15,0
4096,16,16,0
4096,17,32,15
4096,18,32,14
4096,19,32,13
4096,20,32,12
4096,21,32,11
4096,22,32,10
4096,23,32,9
4096,24,32,8
4096,25,32,7
4096,26,32,6
4096,27,32,5
4096,28,32,4
4096,29,32,3
4096,30,32,2
4096,31,32,1
4096,32,32,0
4096,33,48,15
4096,34,48,14
4096,35,48,13
4096,36,48,12
4096,37,48,11
4096,38,48,10
4096,39,48,9
4096,40,48,8
4096,41,48,7
4096,42,48,6
4096,43,48,5
4096,44,48,4
4096,45,48,3
4096,46,48,2
4096,47,48,1
4096,48,48,0
4096,49,64,15
4096,50,64,14
4096,51,64,13
4096,52,64,12
4096,53,64,11
4096,54,64,10
4096,55,64,9
4096,56,64,8
4096,57,64,7
4096,58,64,6
4096,59,64,5
4096,60,64,4
4096,61,64,3
4096,62,64,2
4096,63,64,1
4096,64,64,0
4096,65,80,15
4096,66,80,14
4096,67,80,13
4096,68,80,12
4096,69,80,11
4096,70,80,10
4096,71,80,9
4096,72,80,8
4096,73,80,7
4096,74,80,6
4096,75,80,5
4096,76,80,4
4096,77,80,3
4096,78,80,2
4096,79,80,1
4096,80,80,0
4096,81,96,15
4096,82,96,14
4096,83,96,13
4096,84,96,12
4096,85,96,11
4096,86,96,10
4096,87,96,9
4096,88,96,8
4096,89,96,7
4096,90,96,6
4096,91,96,5
4096,92,96,4
4096,93,96,3
4096,94,96,2
4096,95,96,1
4096,96,96,0
4096,97,112,15
4096,98,112,14
4096,99,112,13
4096,100,112,12
4096,101,112,11
4096,102,112,10
4096,103,112,9
4096,104,112,8
4096,105,112,7
4096,106,112,6
4096,107,112,5
4096,108,112,4
4096,109,112,3
4096,110,112,2
4096,111,112,1
4096,112,112,0
4096,113,114,1
4096,114,115,1
4096,115,116,1
4096,116,117,1
4096,117,118,1
4096,118,119,1
4096,119,120,1
4096,120,121,1
4096,121,122,1
4096,122,123,1
4096,123,124,1
4096,124,125,1
4096,125,126,1
4096,126,127,1
4096,127,128,1
4096,128,129,1
4096,129,145,16
4096,130,145,15
4096,131,145,14
4096,132,145,13
4096,133,145,12
4096,134,145,11
4096,135,145,10
4096,136,145,9
4096,137,145,8
4096,138,145,7
4096,139,145,6
4096,140,145,5
4096,141,145,4
4096,142,145,3
4096,143,145,2
4096,144,145,1
4096,145,161,16
4096,146,161,15
4096,147,161,14
4096,148,161,13
4096,149,161,12
4096,150,161,11
4096,151,161,10
4096,152,161,9
4096,153,161,8
4096,154,161,7
4096,155,161,6
4096,156,161,5
4096,157,161,4
4096,158,161,3
4096,159,161,2
4096,160,161,1
4096,161,177,16
4096,162,177,15
4096,163,177,14
4096,164,177,13
4096,165,177,12
4096,166,177,11
4096,167,177,10
4096,168,177,9
4096,169,177,8
4096,170,177,7
4096,171,177,6
4096,172,177,5
4096,173,177,4
4096,174,177,3
4096,175,177,2
4096,176,177,1
4096,177,193,16
4096,178,193,15
4096,179,193,14
4096,180,193,13
4096,181,193,12
4096,182,193,11
4096,183,193,10
4096,184,193,9
4096,185,193,8
4096,186,193,7
4096,187,193,6
4096,188,193,5
4096,189,193,4
4096,190,193,3
4096,191,193,2
4096,192,193,1
4096,193,209,16
4096,194,209,15
4096,195,209,14
4096,196,209,13
4096,197,209,12
4096,198,209,11
4096,199,209,10
4096,200,209,9
4096,201,209,8
4096,202,209,7
4096,203,209,6
4096,204,209,5
4096,205,209,4
4096,206,209,3
4096,207,209,2
4096,208,209,1
4096,209,225,16
4096,210,225,15
4096,211,225,14
4096,212,225,13
4096,213,225,12
4096,214,225,11
4096,215,225,10
4096,216,225,9
4096,217,225,8
4096,218,225,7
4096,219,225,6
4096,220,225,5
4096,221,225,4
4096,222,225,3
4096,223,225,2
4096,224,225,1
4096,225,241,16
4096,226,241,15
4096,227,241,14
4096,228,241,13
4096,229,241,12
4096,230,241,11
4096,231,241,10
4096,232,241,9
4096,233,241,8
4096,234,241,7
4096,235,241,6
4096,236,241,5
4096,237,241,4
4096,238,241,3
4096,239,241,2
4096,240,241,1
4096,241,257,16
4096,242,257,15
4096,243,257,14
4096,244,257,13
4096,245,257,12
4096,246,257,11
4096,247,257,10
4096,248,257,9
4096,249,257,8
4096,250,257,7
4096,251,257,6
4096,252,257,5
4096,253,257,4
4096,254,257,3
4096,255,257,2
4096,256,257,1
4096,257,273,16
4096,258,273,15
4096,259,273,14
4096,260,273,13
4096,261,273,12
4096,262,273,11
4096,263,273,10
4096,264,273,9
4096,265,273,8
4096,266,273,7
4096,267,273,6
4096,268,273,5
4096,269,273,4
4096,270,273,3
4096,271,273,2
4096,272,273,1
4096,273,289,16
4096,274,289,15
4096,275,289,14
4096,276,289,13
4096,277,289,12
4096,278,289,11
4096,279,289,10
4096,280,289,9
4096,281,289,8
4096,282,289,7
4096,283,289,6
4096,284,289,5
4096,285,289,4
4096,286,289,3
4096,287,289,2
4096,288,289,1
4096,289,305,16
4096,290,305,15
4096,291,305,14
4096,292,305,13
4096,293,305,12
4096,294,305,11
4096,295,305,10
4096,296,305,9
4096,297,305,8
4096,298,305,7
4096,299,305,6
4096,300,305,5
4096,301,305,4
4096,302,305,3
4096,303,305,2
4096,304,305,1
4096,305,321,16
4096,306,321,15
4096,307,321,14
4096,308,321,13
4096,309,321,12
4096,310,321,11
4096,311,321,10
4096,312,321,9
4096,313,321,8
4096,314,321,7
4096,315,321,6
4096,316,321,5
4096,317,321,4
4096,318,321,3
4096,319,321,2
4096,320,321,1
4096,321,337,16
4096,322,337,15
4096,323,337,14
4096,324,337,13
4096,325,337,12
4096,326,337,11
4096,327,337,10
4096,328,337,9
4096,329,337,8
4096,330,337,7
4096,331,337,6
4096,332,337,5
4096,333,337,4
4096,334,337,3
4096,335,337,2
4096,336,337,1
4096,337,353,16
4096,338,353,15
4096,339,353,14
4096,340,353,13
4096,341,353,12
4096,342,353,11
4096,343,353,10
4096,344,353,9
4096,345,353,8
4096,346,353,7
4096,347,353,6
4096,348,353,5
4096,349,353,4
4096,350,353,3
4096,351,353,2
4096,352,353,1
4096,353,369,16
4096,354,369,15
4096,355,369,14
4096,356,369,13
4096,357,369,12
4096,358,369,11
4096,359,369,10
4096,360,369,9
4096,361,369,8
4096,362,369,7
4096,363,369,6
4096,364,369,5
4096,365,369,4
4096,366,369,3
4096,367,369,2
4096,368,369,1
4096,369,385,16
4096,370,385,15
4096,371,385,14
4096,372,385,13
4096,373,385,12
4096,374,385,11
4096,375,385,10
4096,376,385,9
4096,377,385,8
4096,378,385,7
4096,379,385,6
4096,380,385,5
4096,381,385,4
4096,382,385,3
4096,383,385,2
4096,384,385,1
4096,385,401,16
4096,386,401,15
4096,387,401,14
4096,388,401,13
4096,389,401,12
4096,390,401,11
4096,391,401,10
4096,392,401,9
4096,393,401,8
4096,394,401,7
4096,395,401,6
4096,396,401,5
4096,397,401,4
4096,398,401,3
4096,399,401,2
4096,400,401,1
4096,401,417,16
4096,402,417,15
4096,403,417,14
4096,404,417,13
4096,405,417,12
4096,406,417,11
4096,407,417,10
4096,408,417,9
4096,409,417,8
4096,410,417,7
4096,411,417,6
4096,412,417,5
4096,413,417,4
4096,414,417,3
4096,415,417,2
4096,416,417,1
4096,417,433,16
4096,418,433,15
4096,419,433,14
4096,420,433,13
4096,421,433,12
4096,422,433,11
4096,423,433,10
4096,424,433,9
4096,425,433,8
4096,426,433,7
4096,427,433,6
4096,428,433,5
4096,429,433,4
4096,430,433,3
4096,431,433,2
4096,432,433,1
4096,433,449,16
4096,434,449,15
4096,435,449,14
4096,436,449,13
4096,437,449,12
4096,438,449,11
4096,439,449,10
4096,440,449,9
4096,441,449,8
4096,442,449,7
4096,443,449,6
4096,444,449,5
4096,445,449,4
4096,446,449,3
4096,447,449,2
4096,448,449,1
4096,449,465,16
4096,450,465,15
4096,451,465,14
4096,452,465,13
4096,453,465,12
4096,454,465,11
4096,455,465,10
4096,456,465,9
4096,457,465,8
4096,458,465,7
4096,459,465,6
4096,460,465,5
4096,461,465,4
4096,462,465,3
4096,463,465,2
4096,464,465,1
4096,465,481,16
4096,466,481,15
4096,467,481,14
4096,468,481,13
4096,469,481,12
4096,470,481,11
4096,471,481,10
4096,472,481,9
4096,473,481,8
4096,474,481,7
4096,475,481,6
4096,476,481,5
4096,477,481,4
4096,478,481,3
4096,479,481,2
4096,480,481,1
4096,481,497,16
4096,482,497,15
4096,483,497,14
4096,484,497,13
4096,485,497,12
4096,486,497,11
4096,487,497,10
4096,488,497,9
4096,489,497,8
4096,490,497,7
4096,491,497,6
4096,492,497,5
4096,493,497,4
4096,494,497,3
4096,495,497,2
4096,496,497,1
4096,497,513,16
4096,498,513,15
4096,499,513,14
4096,500,513,13
4096,501,513,12
4096,502,513,11
4096,503,513,10
4096,504,513,9
4096,505,513,8
4096,506,513,7
4096,507,513,6
4096,508,513,5
4096,509,513,4
4096,510,513,3
4096,511,513,2
4096,512,513,1
4096,513,529,16
4096,514,529,15
4096,515,529,14
4096,516,529,13
4096,517,529,12
4096,518,529,11
4096,519,529,10
4096,520,529,9
4096,521,529,8
4096,522,529,7
4096,523,529,6
4096,524,529,5
4096,525,529,4
4096,526,529,3
4096,527,529,2
4096,528,529,1
4096,529,545,16
4096,530,545,15
4096,531,545,14
4096,532,545,13
4096,533,545,12
4096,534,545,11
4096,535,545,10
4096,536,545,9
4096,537,545,8
4096,538,545,7
4096,539,545,6
4096,540,545,5
4096,541,545,4
4096,542,545,3
4096,543,545,2
4096,544,545,1
4096,545,561,16
4096,546,561,15
4096,547,561,14
4096,548,561,13
4096,549,561,12
4096,550,561,11
4096,551,561,10
4096,552,561,9
4096,553,561,8
4096,554,561,7
4096,555,561,6
4096,556,561,5
4096,557,561,4
4096,558,561,3
4096,559,561,2
4096,560,561,1
4096,561,577,16
4096,562,577,15
4096,563,577,14
4096,564,577,13
4096,565,577,12
4096,566,577,11
4096,567,577,10
4096,568,577,9
4096,569,577,8
4096,570,577,7
4096,571,577,6
4096,572,577,5
4096,573,577,4
4096,574,577,3
4096,575,577,2
4096,576,577,1
4096,577,593,16
4096,578,593,15
4096,579,593,14
4096,580,593,13
4096,581,593,12
4096,582,593,11
4096,583,593,10
4096,584,593,9
4096,585,593,8
4096,586,593,7
4096,587,593,6
4096,588,593,5
4096,589,593,4
4096,590,593,3
4096,591,593,2
4096,592,593,1
4096,593,609,16
4096,594,609,15
4096,595,609,14
4096,596,609,13
4096,597,609,12
4096,598,609,11
4096,599,609,10
4096,600,609,9
4096,601,609,8
4096,602,609,7
4096,603,609,6
4096,604,609,5
4096,605,609,4
4096,606,609,3
4096,607,609,2
4096,608,609,1
4096,609,625,16
4096,610,625,15
4096,611,625,14
4096,612,625,13
4096,613,625,12
4096,614,625,11
4096,615,625,10
4096,616,625,9
4096,617,625,8
4096,618,625,7
4096,619,625,6
4096,620,625,5
4096,621,625,4
4096,622,625,3
4096,623,625,2
4096,624,625,1
4096,625,627,2
4096,626,628,2
4096,627,629,2
4096,628,630,2
4096,629,631,2
4096,630,632,2
4096,631,633,2
4096,632,634,2
4096,633,635,2
4096,634,636,2
4096,635,637,2
4096,636,638,2
4096,637,639,2
4096,638,640,2
4096,639,641,2
4096,640,642,2
4096,641,658,17
4096,642,658,16
4096,643,658,15
4096,644,658,14
4096,645,658,13
4096,646,658,12
4096,647,658,11
4096,648,658,10
4096,649,658,9
4096,650,658,8
4096,651,658,7
4096,652,658,6
4096,653,658,5
4096,654,658,4
4096,655,658,3
4096,656,658,2
4096,657,674,17
4096,658,674,16
4096,659,674,15
4096,660,674,14
4096,661,674,13
4096,662,674,12
4096,663,674,11
4096,664,674,10
4096,665,674,9
4096,666,674,8
4096,667,674,7
4096,668,674,6
4096,669,674,5
4096,670,674,4
4096,671,674,3
4096,672,674,2
4096,673,690,17
4096,674,690,16
4096,675,690,15
4096,676,690,14
4096,677,690,13
4096,678,690,12
4096,679,690,11
4096,680,690,10
4096,681,690,9
4096,682,690,8
4096,683,690,7
4096,684,690,6
4096,685,690,5
4096,686,690,4
4096,687,690,3
4096,688,690,2
4096,689,706,17
4096,690,706,16
4096,691,706,15
4096,692,706,14
4096,693,706,13
4096,694,706,12
4096,695,706,11
4096,696,706,10
4096,697,706,9
4096,698,706,8
4096,699,706,7
4096,700,706,6
4096,701,706,5
4096,702,706,4
4096,703,706,3
4096,704,706,2
4096,705,722,17
4096,706,722,16
4096,707,722,15
4096,708,722,14
4096,709,722,13
4096,710,722,12
4096,711,722,11
4096,712,722,10
4096,713,722,9
4096,714,722,8
4096,715,722,7
4096,716,722,6
4096,717,722,5
4096,718,722,4
4096,719,722,3
4096,720,722,2
4096,721,738,17
4096,722,738,16
4096,723,738,15
4096,724,738,14
4096,725,738,13
4096,726,738,12
4096,727,738,11
4096,728,738,10
4096,729,738,9
4096,730,738,8
4096,731,738,7
4096,732,738,6
4096,733,738,5
4096,734,738,4
4096,735,738,3
4096,736,738,2
4096,737,754,17
4096,738,754,16
4096,739,754,15
4096,740,754,14
4096,741,754,13
4096,742,754,12
4096,743,754,11
4096,744,754,10
4096,745,754,9
4096,746,754,8
4096,747,754,7
4096,748,754,6
4096,749,754,5
4096,750,754,4
4096,751,754,3
4096,752,754,2
4096,753,770,17
4096,754,770,16
4096,755,770,15
4096,756,770,14
4096,757,770,13
4096,758,770,12
4096,759,770,11
4096,760,770,10
4096,761,770,9
4096,762,770,8
4096,763,770,7
4096,764,770,6
4096,765,770,5
4096,766,770,4
4096,767,770,3
4096,768,770,2
4096,769,786,17
4096,770,786,16
4096,771,786,15
4096,772,786,14
4096,773,786,13
4096,774,786,12
4096,775,786,11
4096,776,786,10
4096,777,786,9
4096,778,786,8
4096,779,786,7
4096,780,786,6
4096,781,786,5
4096,782,786,4
4096,783,786,3
4096,784,786,2
4096,785,802,17
4096,786,802,16
4096,787,802,15
4096,788,802,14
4096,789,802,13
4096,790,802,12
4096,791,802,11
4096,792,802,10
4096,793,802,9
4096,794,802,8
4096,795,802,7
4096,796,802,6
4096,797,802,5
4096,798,802,4
4096,799,802,3
4096,800,802,2
4096,801,818,17
4096,802,818,16
4096,803,818,15
4096,804,818,14
4096,805,818,13
4096,806,818,12
4096,807,818,11
4096,808,818,10
4096,809,818,9
4096,810,818,8
4096,811,818,7
4096,812,818,6
4096,813,818,5
4096,814,818,4
4096,815,818,3
4096,816,818,2
4096,817,834,17
4096,818,834,16
4096,819,834,15
4096,820,834,14
4096,821,834,13
4096,822,834,12
4096,823,834,11
4096,824,834,10
4096,825,834,9
4096,826,834,8
4096,827,834,7
4096,828,834,6
4096,829,834,5
4096,830,834,4
4096,831,834,3
4096,832,834,2
4096,833,850,17
4096,834,850,16
4096,835,850,15
4096,836,850,14
4096,837,850,13
4096,838,850,12
4096,839,850,11
4096,840,850,10
4096,841,850,9
4096,842,850,8
4096,843,850,7
4096,844,850,6
4096,845,850,5
4096,846,850,4
4096,847,850,3
4096,848,850,2
4096,849,866,17
4096,850,866,16
4096,851,866,15
4096,852,866,14
4096,853,866,13
4096,854,866,12
4096,855,866,11
4096,856,866,10
4096,857,866,9
4096,858,866,8
4096,859,866,7
4096,860,866,6
4096,861,866,5
4096,862,866,4
4096,863,866,3
4096,864,866,2
4096,865,882,17
4096,866,882,16
4096,867,882,15
4096,868,882,14
4096,869,882,13
4096,870,882,12
4096,871,882,11
4096,872,882,10
4096,873,882,9
4096,874,882,8
4096,875,882,7
4096,876,882,6
4096,877,882,5
4096,878,882,4
4096,879,882,3
4096,880,882,2
4096,881,898,17
4096,882,898,16
4096,883,898,15
4096,884,898,14
4096,885,898,13
4096,886,898,12
4096,887,898,11
4096,888,898,10
4096,889,898,9
4096,890,898,8
4096,891,898,7
4096,892,898,6
4096,893,898,5
4096,894,898,4
4096,895,898,3
4096,896,898,2
4096,897,914,17
4096,898,914,16
4096,899,914,15
4096,900,914,14
4096,901,914,13
4096,902,914,12
4096,903,914,11
4096,904,914,10
4096,905,914,9
4096,906,914,8
4096,907,914,7
4096,908,914,6
4096,909,914,5
4096,910,914,4
4096,911,914,3
4096,912,914,2
4096,913,930,17
4096,914,930,16
4096,915,930,15
4096,916,930,14
4096,917,930,13
4096,918,930,12
4096,919,930,11
4096,920,930,10
4096,921,930,9
4096,922,930,8
4096,923,930,7
4096,924,930,6
4096,925,930,5
4096,926,930,4
4096,927,930,3
4096,928,930,2
4096,929,946,17
4096,930,946,16
4096,931,946,15
4096,932,946,14
4096,933,946,13
4096,934,946,12
4096,935,946,11
4096,936,946,10
4096,937,946,9
4096,938,946,8
4096,939,946,7
4096,940,946,6
4096,941,946,5
4096,942,946,4
4096,943,946,3
4096,944,946,2
4096,945,962,17
4096,946,962,16
4096,947,962,15
4096,948,962,14
4096,949,962,13
4096,950,962,12
4096,951,962,11
4096,952,962,10
4096,953,962,9
4096,954,962,8
4096,955,962,7
4096,956,962,6
4096,957,962,5
4096,958,962,4
4096,959,962,3
4096,960,962,2
4096,961,978,17
4096,962,978,16
4096,963,978,15
4096,964,978,14
4096,965,978,13
4096,966,978,12
4096,967,978,11
4096,968,978,10
4096,969,978,9
4096,970,978,8
4096,971,978,7
4096,972,978,6
4096,973,978,5
4096,974,978,4
4096,975,978,3
4096,976,978,2
4096,977,994,17
4096,978,994,16
4096,979,994,15
4096,980,994,14
4096,981,994,13
4096,982,994,12
4096,983,994,11
4096,984,994,10
4096,985,994,9
4096,986,994,8
4096,987,994,7
4096,988,994,6
4096,989,994,5
4096,990,994,4
4096,991,994,3
4096,992,994,2
4096,993,1010,17
4096,994,1010,16
4096,995,1010,15
4096,996,1010,14
4096,997,1010,13
4096,998,1010,12
4096,999,1010,11
4096,1000,1010,10
4096,1001,1010,9
4096,1002,1010,8
4096,1003,1010,7
4096,1004,1010,6
4096,1005,1010,5
4096,1006,1010,4
4096,1007,1010,3
4096,1008,1010,2
4096,1009,1026,17
4096,1010,1026,16
4096,1011,1026,15
4096,1012,1026,14
4096,1013,1026,13
4096,1014,1026,12
4096,1015,1026,11
4096,1016,1026,10
4096,1017,1026,9
4096,1018,1026,8
4096,1019,1026,7
4096,1020,1026,6
4096,1021,1026,5
4096,1022,1026,4
4096,1023,1026,3
4096,1024,1026,2
4096,1025,1042,17
4096,1026,1042,16
4096,1027,1042,15
4096,1028,1042,14
4096,1029,1042,13
4096,1030,1042,12
4096,1031,1042,11
4096,1032,1042,10
4096,1033,1042,9
4096,1034,1042,8
4096,1035,1042,7
4096,1036,1042,6
4096,1037,1042,5
4096,1038,1042,4
4096,1039,1042,3
4096,1040,1042,2
4096,1041,1058,17
4096,1042,1058,16
4096,1043,1058,15
4096,1044,1058,14
4096,1045,1058,13
4096,1046,1058,12
4096,1047,1058,11
4096,1048,1058,10
4096,1049,1058,9
4096,1050,1058,8
4096,1051,1058,7
4096,1052,1058,6
4096,1053,1058,5
4096,1054,1058,4
4096,1055,1058,3
4096,1056,1058,2
4096,1057,1074,17
4096,1058,1074,16
4096,1059,1074,15
4096,1060,1074,14
4096,1061,1074,13
4096,1062,1074,12
4096,1063,1074,11
4096,1064,1074,10
4096,1065,1074,9
4096,1066,1074,8
4096,1067,1074,7
4096,1068,1074,6
4096,1069,1074,5
4096,1070,1074,4
4096,1071,1074,3
4096,1072,1074,2
4096,1073,1090,17
4096,1074,1090,16
4096,1075,1090,15
4096,1076,1090,14
4096,1077,1090,13
4096,1078,1090,12
4096,1079,1090,11
4096,1080,1090,10
4096,1081,1090,9
4096,1082,1090,8
4096,1083,1090,7
4096,1084,1090,6
4096,1085,1090,5
4096,1086,1090,4
4096,1087,1090,3
4096,1088,1090,2
4096,1089,1106,17
4096,1090,1106,16
4096,1091,1106,15
4096,1092,1106,14
4096,1093,1106,13
4096,1094,1106,12
4096,1095,1106,11
4096,1096,1106,10
4096,1097,1106,9
4096,1098,1106,8
4096,1099,1106,7
4096,1100,1106,6
4096,1101,1106,5
4096,1102,1106,4
4096,1103,1106,3
4096,1104,1106,2
4096,1105,1122,17
4096,1106,1122,16
4096,1107,1122,15
4096,1108,1122,14
4096,1109,1122,13
4096,1110,1122,12
4096,1111,1122,11
4096,1112,1122,10
4096,1113,1122,9
4096,1114,1122,8
4096,1115,1122,7
4096,1116,1122,6
4096,1117,1122,5
4096,1118,1122,4
4096,1119,1122,3
4096,1120,1122,2
4096,1121,1138,17
4096,1122,1138,16
4096,1123,1138,15
4096,1124,1138,14
4096,1125,1138,13
4096,1126,1138,12
4096,1127,1138,11
4096,1128,1138,10
4096,1129,1138,9
4096,1130,1138,8
4096,1131,1138,7
4096,1132,1138,6
4096,1133,1138,5
4096,1134,1138,4
4096,1135,1138,3
4096,1136,1138,2
4096,1137,1140,3
4096,1138,1141,3
4096,1139,1142,3
4096,1140,1143,3
4096,1141,1144,3
4096,1142,1145,3
4096,1143,1146,3
4096,1144,1147,3
4096,1145,1148,3
4096,1146,1149,3
4096,1147,1150,3
4096,1148,1151,3
4096,1149,1152,3
4096,1150,1153,3
4096,1151,1154,3
4096,1152,1155,3
4096,1153,1171,18
4096,1154,1171,17
4096,1155,1171,16
4096,1156,1171,15
4096,1157,1171,14
4096,1158,1171,13
4096,1159,1171,12
4096,1160,1171,11
4096,1161,1171,10
4096,1162,1171,9
4096,1163,1171,8
4096,1164,1171,7
4096,1165,1171,6
4096,1166,1171,5
4096,1167,1171,4
4096,1168,1171,3
4096,1169,1187,18
4096,1170,1187,17
4096,1171,1187,16
4096,1172,1187,15
4096,1173,1187,14
4096,1174,1187,13
4096,1175,1187,12
4096,1176,1187,11
4096,1177,1187,10
4096,1178,1187,9
4096,1179,1187,8
4096,1180,1187,7
4096,1181,1187,6
4096,1182,1187,5
4096,1183,1187,4
4096,1184,1187,3
4096,1185,1203,18
4096,1186,1203,17
4096,1187,1203,16
4096,1188,1203,15
4096,1189,1203,14
4096,1190,1203,13
4096,1191,1203,12
4096,1192,1203,11
4096,1193,1203,10
4096,1194,1203,9
4096,1195,1203,8
4096,1196,1203,7
4096,1197,1203,6
4096,1198,1203,5
4096,1199,1203,4
4096,1200,1203,3
4096,1201,1219,18
4096,1202,1219,17
4096,1203,1219,16
4096,1204,1219,15
4096,1205,1219,14
4096,1206,1219,13
4096,1207,1219,12
4096,1208,1219,11
4096,1209,1219,10
4096,1210,1219,9
4096,1211,1219,8
4096,1212,1219,7
4096,1213,1219,6
4096,1214,1219,5
4096,1215,1219,4
4096,1216,1219,3
4096,1217,1235,18
4096,1218,1235,17
4096,1219,1235,16
4096,1220,1235,15
4096,1221,1235,14
4096,1222,1235,13
4096,1223,1235,12
4096,1224,1235,11
4096,1225,1235,10
4096,1226,1235,9
4096,1227,1235,8
4096,1228,1235,7
4096,1229,1235,6
4096,1230,1235,5
4096,1231,1235,4
4096,1232,1235,3
4096,1233,1251,18
4096,1234,1251,17
4096,1235,1251,16
4096,1236,1251,15
4096,1237,1251,14
4096,1238,1251,13
4096,1239,1251,12
4096,1240,1251,11
4096,1241,1251,10
4096,1242,1251,9
4096,1243,1251,8
4096,1244,1251,7
4096,1245,1251,6
4096,1246,1251,5
4096,1247,1251,4
4096,1248,1251,3
4096,1249,1267,18
4096,1250,1267,17
4096,1251,1267,16
4096,1252,1267,15
4096,1253,1267,14
4096,1254,1267,13
4096,1255,1267,12
4096,1256,1267,11
4096,1257,1267,10
4096,1258,1267,9
4096,1259,1267,8
4096,1260,1267,7
4096,1261,1267,6
4096,1262,1267,5
4096,1263,1267,4
4096,1264,1267,3
4096,1265,1283,18
4096,1266,1283,17
4096,1267,1283,16
4096,1268,1283,15
4096,1269,1283,14
4096,1270,1283,13
4096,1271,1283,12
4096,1272,1283,11
4096,1273,1283,10
4096,1274,1283,9
4096,1275,1283,8
4096,1276,1283,7
4096,1277,1283,6
4096,1278,1283,5
4096,1279,1283,4
4096,1280,1283,3
4096,1281,1299,18
4096,1282,1299,17
4096,1283,1299,16
4096,1284,1299,15
4096,1285,1299,14
4096,1286,1299,13
4096,1287,1299,12
4096,1288,1299,11
4096,1289,1299,10
4096,1290,1299,9
4096,1291,1299,8
4096,1292,1299,7
4096,1293,1299,6
4096,1294,1299,5
4096,1295,1299,4
4096,1296,1299,3
4096,1297,1315,18
4096,1298,1315,17
4096,1299,1315,16
4096,1300,1315,15
4096,1301,1315,14
4096,1302,1315,13
4096,1303,1315,12
4096,1304,1315,11
4096,1305,1315,10
4096,1306,1315,9
4096,1307,1315,8
4096,1308,1315,7
4096,1309,1315,6
4096,1310,1315,5
4096,1311,1315,4
4096,1312,1315,3
4096,1313,1331,18
4096,1314,1331,17
4096,1315,1331,16
4096,1316,1331,15
4096,1317,1331,14
4096,1318,1331,13
4096,1319,1331,12
4096,1320,1331,11
4096,1321,1331,10
4096,1322,1331,9
4096,1323,1331,8
4096,1324,1331,7
4096,1325,1331,6
4096,1326,1331,5
4096,1327,1331,4
4096,1328,1331,3
4096,1329,1347,18
4096,1330,1347,17
4096,1331,1347,16
4096,1332,1347,15
4096,1333,1347,14
4096,1334,1347,13
4096,1335,1347,12
4096,1336,1347,11
4096,1337,1347,10
4096,1338,1347,9
4096,1339,1347,8
4096,1340,1347,7
4096,1341,1347,6
4096,1342,1347,5
4096,1343,1347,4
4096,1344,1347,3
4096,1345,1363,18
4096,1346,1363,17
4096,1347,1363,16
4096,1348,1363,15
4096,1349,1363,14
4096,1350,1363,13
4096,1351,1363,12
4096,1352,1363,11
4096,1353,1363,10
4096,1354,1363,9
4096,1355,1363,8
4096,1356,1363,7
4096,1357,1363,6
4096,1358,1363,5
4096,1359,1363,4
4096,1360,1363,3
4096,1361,1379,18
4096,1362,1379,17
4096,1363,1379,16
4096,1364,1379,15
4096,1365,1379,14
4096,1366,1379,13
4096,1367,1379,12
4096,1368,1379,11
4096,1369,1379,10
4096,1370,1379,9
4096,1371,1379,8
4096,1372,1379,7
4096,1373,1379,6
4096,1374,1379,5
4096,1375,1379,4
4096,1376,1379,3
4096,1377,1395,18
4096,1378,1395,17
4096,1379,1395,16
4096,1380,1395,15
4096,1381,1395,14
4096,1382,1395,13
4096,1383,1395,12
4096,1384,1395,11
4096,1385,1395,10
4096,1386,1395,9
4096,1387,1395,8
4096,1388,1395,7
4096,1389,1395,6
4096,1390,1395,5
4096,1391,1395,4
4096,1392,1395,3
4096,1393,1411,18
4096,1394,1411,17
4096,1395,1411,16
4096,1396,1411,15
4096,1397,1411,14
4096,1398,1411,13
4096,1399,1411,12
4096,1400,1411,11
4096,1401,1411,10
4096,1402,1411,9
4096,1403,1411,8
4096,1404,1411,7
4096,1405,1411,6
4096,1406,1411,5
4096,1407,1411,4
4096,1408,1411,3
4096,1409,1427,18
4096,1410,1427,17
4096,1411,1427,16
4096,1412,1427,15
4096,1413,1427,14
4096,1414,1427,13
4096,1415,1427,12
4096,1416,1427,11
4096,1417,1427,10
4096,1418,1427,9
4096,1419,1427,8
4096,1420,1427,7
4096,1421,1427,6
4096,1422,1427,5
4096,1423,1427,4
4096,1424,1427,3
4096,1425,1443,18
4096,1426,1443,17
4096,1427,1443,16
4096,1428,1443,15
4096,1429,1443,14
4096,1430,1443,13
4096,1431,1443,12
4096,1432,1443,11
4096,1433,1443,10
4096,1434,1443,9
4096,1435,1443,8
4096,1436,1443,7
4096,1437,1443,6
4096,1438,1443,5
4096,1439,1443,4
4096,1440,1443,3
4096,1441,1459,18
4096,1442,1459,17
4096,1443,1459,16
4096,1444,1459,15
4096,1445,1459,14
4096,1446,1459,13
4096,1447,1459,12
4096,1448,1459,11
4096,1449,1459,10
4096,1450,1459,9
4096,1451,1459,8
4096,1452,1459,7
4096,1453,1459,6
4096,1454,1459,5
4096,1455,1459,4
4096,1456,1459,3
4096,1457,1475,18
4096,1458,1475,17
4096,1459,1475,16
4096,1460,1475,15
4096,1461,1475,14
4096,1462,1475,13
4096,1463,1475,12
4096,1464,1475,11
4096,1465,1475,10
4096,1466,1475,9
4096,1467,1475,8
4096,1468,1475,7
4096,1469,1475,6
4096,1470,1475,5
4096,1471,1475,4
4096,1472,1475,3
4096,1473,1491,18
4096,1474,1491,17
4096,1475,1491,16
4096,1476,1491,15
4096,1477,1491,14
4096,1478,1491,13
4096,1479,1491,12
4096,1480,1491,11
4096,1481,1491,10
4096,1482,1491,9
4096,1483,1491,8
4096,1484,1491,7
4096,1485,1491,6
4096,1486,1491,5
4096,1487,1491,4
4096,1488,1491,3
4096,1489,1507,18
4096,1490,1507,17
4096,1491,1507,16
4096,1492,1507,15
4096,1493,1507,14
4096,1494,1507,13
4096,1495,1507,12
4096,1496,1507,11
4096,1497,1507,10
4096,1498,1507,9
4096,1499,1507,8
4096,1500,1507,7
4096,1501,1507,6
4096,1502,1507,5
4096,1503,1507,4
4096,1504,1507,3
4096,1505,1523,18
4096,1506,1523,17
4096,1507,1523,16
4096,1508,1523,15
4096,1509,1523,14
4096,1510,1523,13
4096,1511,1523,12
4096,1512,1523,11
4096,1513,1523,10
4096,1514,1523,9
4096,1515,1523,8
4096,1516,1523,7
4096,1517,1523,6
4096,1518,1523,5
4096,1519,1523,4
4096,1520,1523,3
4096,1521,1539,18
4096,1522,1539,17
4096,1523,1539,16
4096,1524,1539,15
4096,1525,1539,14
4096,1526,1539,13
4096,1527,1539,12
4096,1528,1539,11
4096,1529,1539,10
4096,1530,1539,9
4096,1531,1539,8
4096,1532,1539,7
4096,1533,1539,6
4096,1534,1539,5
4096,1535,1539,4
4096,1536,1539,3
4096,1537,1555,18
4096,1538,1555,17
4096,1539,1555,16
4096,1540,1555,15
4096,1541,1555,14
4096,1542,1555,13
4096,1543,1555,12
4096,1544,1555,11
4096,1545,1555,10
4096,1546,1555,9
4096,1547,1555,8
4096,1548,1555,7
4096,1549,1555,6
4096,1550,1555,5
4096,1551,1555,4
4096,1552,1555,3
4096,1553,1571,18
4096,1554,1571,17
4096,1555,1571,16
4096,1556,1571,15
4096,1557,1571,14
4096,1558,1571,13
4096,1559,1571,12
4096,1560,1571,11
4096,1561,1571,10
4096,1562,1571,9
4096,1563,1571,8
4096,1564,1571,7
4096,1565,1571,6
4096,1566,1571,5
4096,1567,1571,4
4096,1568,1571,3
4096,1569,1587,18
4096,1570,1587,17
4096,1571,1587,16
4096,1572,1587,15
4096,1573,1587,14
4096,1574,1587,13
4096,1575,1587,12
4096,1576,1587,11
4096,1577,1587,10
4096,1578,1587,9
4096,1579,1587,8
4096,1580,1587,7
4096,1581,1587,6
4096,1582,1587,5
4096,1583,1587,4
4096,1584,1587,3
4096,1585,1603,18
4096,1586,1603,17
4096,1587,1603,16
4096,1588,1603,15
4096,1589,1603,14
4096,1590,1603,13
4096,1591,1603,12
4096,1592,1603,11
4096,1593,1603,10
4096,1594,1603,9
4096,1595,1603,8
4096,1596,1603,7
4096,1597,1603,6
4096,1598,1603,5
4096,1599,1603,4
4096,1600,1603,3
4096,1601,1619,18
4096,1602,1619,17
4096,1603,1619,16
4096,1604,1619,15
4096,1605,1619,14
4096,1606,1619,13
4096,1607,1619,12
4096,1608,1619,11
4096,1609,1619,10
4096,1610,1619,9
4096,1611,1619,8
4096,1612,1619,7
4096,1613,1619,6
4096,1614,1619,5
4096,1615,1619,4
4096,1616,1619,3
4096,1617,1635,18
4096,1618,1635,17
4096,1619,1635,16
4096,1620,1635,15
4096,1621,1635,14
4096,1622,1635,13
4096,1623,1635,12
4096,1624,1635,11
4096,1625,1635,10
4096,1626,1635,9
4096,1627,1635,8
4096,1628,1635,7
4096,1629,1635,6
4096,1630,1635,5
4096,1631,1635,4
4096,1632,1635,3
4096,1633,1651,18
4096,1634,1651,17
4096,1635,1651,16
4096,1636,1651,15
4096,1637,1651,14
4096,1638,1651,13
4096,1639,1651,12
4096,1640,1651,11
4096,1641,1651,10
4096,1642,1651,9
4096,1643,1651,8
4096,1644,1651,7
4096,1645,1651,6
4096,1646,1651,5
4096,1647,1651,4
4096,1648,1651,3
4096,1649,1653,4
4096,1650,1654,4
4096,1651,1655,4
4096,1652,1656,4
4096,1653,1657,4
4096,1654,1658,4
4096,1655,1659,4
4096,1656,1660,4
4096,1657,1661,4
4096,1658,1662,4
4096,1659,1663,4
4096,1660,1664,4
4096,1661,1665,4
4096,1662,1666,4
4096,1663,1667,4
4096,1664,1668,4
4096,1665,1684,19
4096,1666,1684,18
4096,1667,1684,17
4096,1668,1684,16
4096,1669,1684,15
4096,1670,1684,14
4096,1671,1684,13
4096,1672,1684,12
4096,1673,1684,11
4096,1674,1684,10
4096,1675,1684,9
4096,1676,1684,8
4096,1677,1684,7
4096,1678,1684,6
4096,1679,1684,5
4096,1680,1684,4
4096,1681,1700,19
4096,1682,1700,18
4096,1683,1700,17
4096,1684,1700,16
4096,1685,1700,15
4096,1686,1700,14
4096,1687,1700,13
4096,1688,1700,12
4096,1689,1700,11
4096,1690,1700,10
4096,1691,1700,9
4096,1692,1700,8
4096,1693,1700,7
4096,1694,1700,6
4096,1695,1700,5
4096,1696,1700,4
4096,1697,1716,19
4096,1698,1716,18
4096,1699,1716,17
4096,1700,1716,16
4096,1701,1716,15
4096,1702,1716,14
4096,1703,1716,13
4096,1704,1716,12
4096,1705,1716,11
4096,1706,1716,10
4096,1707,1716,9
4096,1708,1716,8
4096,1709,1716,7
4096,1710,1716,6
4096,1711,1716,5
4096,1712,1716,4
4096,1713,1732,19
4096,1714,1732,18
4096,1715,1732,17
4096,1716,1732,16
4096,1717,1732,15
4096,1718,1732,14
4096,1719,1732,13
4096,1720,1732,12
4096,1721,1732,11
4096,1722,1732,10
4096,1723,1732,9
4096,1724,1732,8
4096,1725,1732,7
4096,1726,1732,6
4096,1727,1732,5
4096,1728,1732,4
4096,1729,1748,19
4096,1730,1748,18
4096,1731,1748,17
4096,1732,1748,16
4096,1733,1748,15
4096,1734,1748,14
4096,1735,1748,13
4096,1736,1748,12
4096,1737,1748,11
4096,1738,1748,10
4096,1739,1748,9
4096,1740,1748,8
4096,1741,1748,7
4096,1742,1748,6
4096,1743,1748,5
4096,1744,1748,4
4096,1745,1764,19
4096,1746,1764,18
4096,1747,1764,17
4096,1748,1764,16
4096,1749,1764,15
4096,1750,1764,14
4096,1751,1764,13
4096,1752,1764,12
4096,1753,1764,11
4096,1754,1764,10
4096,1755,1764,9
4096,1756,1764,8
4096,1757,1764,7
4096,1758,1764,6
4096,1759,1764,5
4096,1760,1764,4
4096,1761,1780,19
4096,1762,1780,18
4096,1763,1780,17
4096,1764,1780,16
4096,1765,1780,15
4096,1766,1780,14
4096,1767,1780,13
4096,1768,1780,12
4096,1769,1780,11
4096,1770,1780,10
4096,1771,1780,9
4096,1772,1780,8
4096,1773,1780,7
4096,1774,1780,6
4096,1775,1780,5
4096,1776,1780,4
4096,1777,1796,19
4096,1778,1796,18
4096,1779,1796,17
4096,1780,1796,16
4096,1781,1796,15
4096,1782,1796,14
4096,1783,1796,13
4096,1784,1796,12
4096,1785,1796,11
4096,1786,1796,10
4096,1787,1796,9
4096,1788,1796,8
4096,1789,1796,7
4096,1790,1796,6
4096,1791,1796,5
4096,1792,1796,4
4096,1793,1812,19
4096,1794,1812,18
4096,1795,1812,17
4096,1796,1812,16
4096,1797,1812,15
4096,1798,1812,14
4096,1799,1812,13
4096,1800,1812,12
4096,1801,1812,11
4096,1802,1812,10
4096,1803,1812,9
4096,1804,1812,8
4096,1805,1812,7
4096,1806,1812,6
4096,1807,1812,5
4096,1808,1812,4
4096,1809,1828,19
4096,1810,1828,18
4096,1811,1828,17
4096,1812,1828,16
4096,1813,1828,15
4096,1814,1828,14
4096,1815,1828,13
4096,1816,1828,12
4096,1817,1828,11
4096,1818,1828,10
4096,1819,1828,9
4096,1820,1828,8
4096,1821,1828,7
4096,1822,1828,6
4096,1823,1828,5
4096,1824,1828,4
4096,1825,1844,19
4096,1826,1844,18
4096,1827,1844,17
4096,1828,1844,16
4096,1829,1844,15
4096,1830,1844,14
4096,1831,1844,13
4096,1832,1844,12
4096,1833,1844,11
4096,1834,1844,10
4096,1835,1844,9
4096,1836,1844,8
4096,1837,1844,7
4096,1838,1844,6
4096,1839,1844,5
4096,1840,1844,4
4096,1841,1860,19
4096,1842,1860,18
4096,1843,1860,17
4096,1844,1860,16
4096,1845,1860,15
4096,1846,1860,14
4096,1847,1860,13
4096,1848,1860,12
4096,1849,1860,11
4096,1850,1860,10
4096,1851,1860,9
4096,1852,1860,8
4096,1853,1860,7
4096,1854,1860,6
4096,1855,1860,5
4096,1856,1860,4
4096,1857,1876,19
4096,1858,1876,18
4096,1859,1876,17
4096,1860,1876,16
4096,1861,1876,15
4096,1862,1876,14
4096,1863,1876,13
4096,1864,1876,12
4096,1865,1876,11
4096,1866,1876,10
4096,1867,1876,9
4096,1868,1876,8
4096,1869,1876,7
4096,1870,1876,6
4096,1871,1876,5
4096,1872,1876,4
4096,1873,1892,19
4096,1874,1892,18
4096,1875,1892,17
4096,1876,1892,16
4096,1877,1892,15
4096,1878,1892,14
4096,1879,1892,13
4096,1880,1892,12
4096,1881,1892,11
4096,1882,1892,10
4096,1883,1892,9
4096,1884,1892,8
4096,1885,1892,7
4096,1886,1892,6
4096,1887,1892,5
4096,1888,1892,4
4096,1889,1908,19
4096,1890,1908,18
4096,1891,1908,17
4096,1892,1908,16
4096,1893,1908,15
4096,1894,1908,14
4096,1895,1908,13
4096,1896,1908,12
4096,1897,1908,11
4096,1898,1908,10
4096,1899,1908,9
4096,1900,1908,8
4096,1901,1908,7
4096,1902,1908,6
4096,1903,1908,5
4096,1904,1908,4
4096,1905,1924,19
4096,1906,1924,18
4096,1907,1924,17
4096,1908,1924,16
4096,1909,1924,15
4096,1910,1924,14
4096,1911,1924,13
4096,1912,1924,12
4096,1913,1924,11
4096,1914,1924,10
4096,1915,1924,9
4096,1916,1924,8
4096,1917,1924,7
4096,1918,1924,6
4096,1919,1924,5
4096,1920,1924,4
4096,1921,1940,19
4096,1922,1940,18
4096,1923,1940,17
4096,1924,1940,16
4096,1925,1940,15
4096,1926,1940,14
4096,1927,1940,13
4096,1928,1940,12
4096,1929,1940,11
4096,1930,1940,10
4096,1931,1940,9
4096,1932,1940,8
4096,1933,1940,7
4096,1934,1940,6
4096,1935,1940,5
4096,1936,1940,4
4096,1937,1956,19
4096,1938,1956,18
4096,1939,1956,17
4096,1940,1956,16
4096,1941,1956,15
4096,1942,1956,14
4096,1943,1956,13
4096,1944,1956,12
4096,1945,1956,11
4096,1946,1956,10
4096,1947,1956,9
4096,1948,1956,8
4096,1949,1956,7
4096,1950,1956,6
4096,1951,1956,5
4096,1952,1956,4
4096,1953,1972,19
4096,1954,1972,18
4096,1955,1972,17
4096,1956,1972,16
4096,1957,1972,15
4096,1958,1972,14
4096,1959,1972,13
4096,1960,1972,12
4096,1961,1972,11
4096,1962,1972,10
4096,1963,1972,9
4096,1964,1972,8
4096,1965,1972,7
4096,1966,1972,6
4096,1967,1972,5
4096,1968,1972,4
4096,1969,1988,19
4096,1970,1988,18
4096,1971,1988,17
4096,1972,1988,16
4096,1973,1988,15
4096,1974,1988,14
4096,1975,1988,13
4096,1976,1988,12
4096,1977,1988,11
4096,1978,1988,10
4096,1979,1988,9
4096,1980,1988,8
4096,1981,1988,7
4096,1982,1988,6
4096,1983,1988,5
4096,1984,1988,4
4096,1985,2004,19
4096,1986,2004,18
4096,1987,2004,17
4096,1988,2004,16
4096,1989,2004,15
4096,1990,2004,14
4096,1991,2004,13
4096,1992,2004,12
4096,1993,2004,11
4096,1994,2004,10
4096,1995,2004,9
4096,1996,2004,8
4096,1997,2004,7
4096,1998,2004,6
4096,1999,2004,5
4096,2000,2004,4
4096,2001,2020,19
4096,2002,2020,18
4096,2003,2020,17
4096,2004,2020,16
4096,2005,2020,15
4096,2006,2020,14
4096,2007,2020,13
4096,2008,2020,12
4096,2009,2020,11
4096,2010,2020,10
4096,2011,2020,9
4096,2012,2020,8
4096,2013,2020,7
4096,2014,2020,6
4096,2015,2020,5
4096,2016,2020,4
4096,2017,2036,19
4096,2018,2036,18
4096,2019,2036,17
4096,2020,2036,16
4096,2021,2036,15
4096,2022,2036,14
4096,2023,2036,13
4096,2024,2036,12
4096,2025,2036,11
4096,2026,2036,10
4096,2027,2036,9
4096,2028,2036,8
4096,2029,2036,7
4096,2030,2036,6
4096,2031,2036,5
4096,2032,2036,4
4096,2033,2052,19
4096,2034,2052,18
4096,2035,2052,17
4096,2036,2052,16
4096,2037,2052,15
4096,2038,2052,14
4096,2039,2052,13
4096,2040,2052,12
4096,2041,2052,11
4096,2042,2052,10
4096,2043,2052,9
4096,2044,2052,8
4096,2045,2052,7
4096,2046,2052,6
4096,2047,2052,5
4096,2048,2052,4
4096,2049,2068,19
4096,2050,2068,18
4096,2051,2068,17
4096,2052,2068,16
4096,2053,2068,15
4096,2054,2068,14
4096,2055,2068,13
4096,2056,2068,12
4096,2057,2068,11
4096,2058,2068,10
4096,2059,2068,9
4096,2060,2068,8
4096,2061,2068,7
4096,2062,2068,6
4096,2063,2068,5
4096,2064,2068,4
4096,2065,2084,19
4096,2066,2084,18
4096,2067,2084,17
4096,2068,2084,16
4096,2069,2084,15
4096,2070,2084,14
4096,2071,2084,13
4096,2072,2084,12
4096,2073,2084,11
4096,2074,2084,10
4096,2075,2084,9
4096,2076,2084,8
4096,2077,2084,7
4096,2078,2084,6
4096,2079,2084,5
4096,2080,2084,4
4096,2081,2100,19
4096,2082,2100,18
4096,2083,2100,17
4096,2084,2100,16
4096,2085,2100,15
4096,2086,2100,14
4096,2087,2100,13
4096,2088,2100,12
4096,2089,2100,11
4096,2090,2100,10
4096,2091,2100,9
4096,2092,2100,8
4096,2093,2100,7
4096,2094,2100,6
4096,2095,2100,5
4096,2096,2100,4
4096,2097,2116,19
4096,2098,2116,18
4096,2099,2116,17
4096,2100,2116,16
4096,2101,2116,15
4096,2102,2116,14
4096,2103,2116,13
4096,2104,2116,12
4096,2105,2116,11
4096,2106,2116,10
4096,2107,2116,9
4096,2108,2116,8
4096,2109,2116,7
4096,2110,2116,6
4096,2111,2116,5
4096,2112,2116,4
4096,2113,2132,19
4096,2114,2132,18
4096,2115,2132,17
4096,2116,2132,16
4096,2117,2132,15
4096,2118,2132,14
4096,2119,2132,13
4096,2120,2132,12
4096,2121,2132,11
4096,2122,2132,10
4096,2123,2132,9
4096,2124,2132,8
4096,2125,2132,7
4096,2126,2132,6
4096,2127,2132,5
4096,2128,2132,4
4096,2129,2148,19
4096,2130,2148,18
4096,2131,2148,17
4096,2132,2148,16
4096,2133,2148,15
4096,2134,2148,14
4096,2135,2148,13
4096,2136,2148,12
4096,2137,2148,11
4096,2138,2148,10
4096,2139,2148,9
4096,2140,2148,8
4096,2141,2148,7
4096,2142,2148,6
4096,2143,2148,5
4096,2144,2148,4
4096,2145,2164,19
4096,2146,2164,18
4096,2147,2164,17
4096,2148,2164,16
4096,2149,2164,15
4096,2150,2164,14
4096,2151,2164,13
4096,2152,2164,12
4096,2153,2164,11
4096,2154,2164,10
4096,2155,2164,9
4096,2156,2164,8
4096,2157,2164,7
4096,2158,2164,6
4096,2159,2164,5
4096,2160,2164,4
4096,2161,2166,5
4096,2162,2167,5
4096,2163,2168,5
4096,2164,2169,5
4096,2165,2170,5
4096,2166,2171,5
4096,2167,2172,5
4096,2168,2173,5
4096,2169,2174,5
4096,2170,2175,5
4096,2171,2176,5
4096,2172,2177,5
4096,2173,2178,5
4096,2174,2179,5
4096,2175,2180,5
4096,2176,2181,5
4096,2177,2197,20
4096,2178,2197,19
4096,2179,2197,18
4096,2180,2197,17
4096,2181,2197,16
4096,2182,2197,15
4096,2183,2197,14
4096,2184,2197,13
4096,2185,2197,12
4096,2186,2197,11
4096,2187,2197,10
4096,2188,2197,9
4096,2189,2197,8
4096,2190,2197,7
4096,2191,2197,6
4096,2192,2197,5
4096,2193,2213,20
4096,2194,2213,19
4096,2195,2213,18
4096,2196,2213,17
4096,2197,2213,16
4096,2198,2213,15
4096,2199,2213,14
4096,2200,2213,13
4096,2201,2213,12
4096,2202,2213,11
4096,2203,2213,10
4096,2204,2213,9
4096,2205,2213,8
4096,2206,2213,7
4096,2207,2213,6
4096,2208,2213,5
4096,2209,2229,20
4096,2210,2229,19
4096,2211,2229,18
4096,2212,2229,17
4096,2213,2229,16
4096,2214,2229,15
4096,2215,2229,14
4096,2216,2229,13
4096,2217,2229,12
4096,2218,2229,11
4096,2219,2229,10
4096,2220,2229,9
4096,2221,2229,8
4096,2222,2229,7
4096,2223,2229,6
4096,2224,2229,5
4096,2225,2245,20
4096,2226,2245,19
4096,2227,2245,18
4096,2228,2245,17
4096,2229,2245,16
4096,2230,2245,15
4096,2231,2245,14
4096,2232,2245,13
4096,2233,2245,12
4096,2234,2245,11
4096,2235,2245,10
4096,2236,2245,9
4096,2237,2245,8
4096,2238,2245,7
4096,2239,2245,6
4096,2240,2245,5
4096,2241,2261,20
4096,2242,2261,19
4096,2243,2261,18
4096,2244,2261,17
4096,2245,2261,16
4096,2246,2261,15
4096,2247,2261,14
4096,2248,2261,13
4096,2249,2261,12
4096,2250,2261,11
4096,2251,2261,10
4096,2252,2261,9
4096,2253,2261,8
4096,2254,2261,7
4096,2255,2261,6
4096,2256,2261,5
4096,2257,2277,20
4096,2258,2277,19
4096,2259,2277,18
4096,2260,2277,17
4096,2261,2277,16
4096,2262,2277,15
4096,2263,2277,14
4096,2264,2277,13
4096,2265,2277,12
4096,2266,2277,11
4096,2267,2277,10
4096,2268,2277,9
4096,2269,2277,8
4096,2270,2277,7
4096,2271,2277,6
4096,2272,2277,5
4096,2273,2293,20
4096,2274,2293,19
4096,2275,2293,18
4096,2276,2293,17
4096,2277,2293,16
4096,2278,2293,15
4096,2279,2293,14
4096,2280,2293,13
4096,2281,2293,12
4096,2282,2293,11
4096,2283,2293,10
4096,2284,2293,9
4096,2285,2293,8
4096,2286,2293,7
4096,2287,2293,6
4096,2288,2293,5
4096,2289,2309,20
4096,2290,2309,19
4096,2291,2309,18
4096,2292,2309,17
4096,2293,2309,16
4096,2294,2309,15
4096,2295,2309,14
4096,2296,2309,13
4096,2297,2309,12
4096,2298,2309,11
4096,2299,2309,10
4096,2300,2309,9
4096,2301,2309,8
4096,2302,2309,7
4096,2303,2309,6
4096,2304,2309,5
4096,2305,2325,20
4096,2306,2325,19
4096,2307,2325,18
4096,2308,2325,17
4096,2309,2325,16
4096,2310,2325,15
4096,2311,2325,14
4096,2312,2325,13
4096,2313,2325,12
4096,2314,2325,11
4096,2315,2325,10
4096,2316,2325,9
4096,2317,2325,8
4096,2318,2325,7
4096,2319,2325,6
4096,2320,2325,5
4096,2321,2341,20
4096,2322,2341,19
4096,2323,2341,18
4096,2324,2341,17
4096,2325,2341,16
4096,2326,2341,15
4096,2327,2341,14
4096,2328,2341,13
4096,2329,2341,12
4096,2330,2341,11
4096,2331,2341,10
4096,2332,2341,9
4096,2333,2341,8
4096,2334,2341,7
4096,2335,2341,6
4096,2336,2341,5
4096,2337,2357,20
4096,2338,2357,19
4096,2339,2357,18
4096,2340,2357,17
4096,2341,2357,16
4096,2342,2357,15
4096,2343,2357,14
4096,2344,2357,13
4096,2345,2357,12
4096,2346,2357,11
4096,2347,2357,10
4096,2348,2357,9
4096,2349,2357,8
4096,2350,2357,7
4096,2351,2357,6
4096,2352,2357,5
4096,2353,2373,20
4096,2354,2373,19
4096,2355,2373,18
4096,2356,2373,17
4096,2357,2373,16
4096,2358,2373,15
4096,2359,2373,14
4096,2360,2373,13
4096,2361,2373,12
4096,2362,2373,11
4096,2363,2373,10
4096,2364,2373,9
4096,2365,2373,8
4096,2366,2373,7
4096,2367,2373,6
4096,2368,2373,5
4096,2369,2389,20
4096,2370,2389,19
4096,2371,2389,18
4096,2372,2389,17
4096,2373,2389,16
4096,2374,2389,15
4096,2375,2389,14
4096,2376,2389,13
4096,2377,2389,12
4096,2378,2389,11
4096,2379,2389,10
4096,2380,2389,9
4096,2381,2389,8
4096,2382,2389,7
4096,2383,2389,6
4096,2384,2389,5
4096,2385,2405,20
4096,2386,2405,19
4096,2387,2405,18
4096,2388,2405,17
4096,2389,2405,16
4096,2390,2405,15
4096,2391,2405,14
4096,2392,2405,13
4096,2393,2405,12
4096,2394,2405,11
4096,2395,2405,10
4096,2396,2405,9
4096,2397,2405,8
4096,2398,2405,7
4096,2399,2405,6
4096,2400,2405,5
4096,2401,2421,20
4096,2402,2421,19
4096,2403,2421,18
4096,2404,2421,17
4096,2405,2421,16
4096,2406,2421,15
4096,2407,2421,14
4096,2408,2421,13
4096,2409,2421,12
4096,2410,2421,11
4096,2411,2421,10
4096,2412,2421,9
4096,2413,2421,8
4096,2414,2421,7
4096,2415,2421,6
4096,2416,2421,5
4096,2417,2437,20
4096,2418,2437,19
4096,2419,2437,18
4096,2420,2437,17
4096,2421,2437,16
4096,2422,2437,15
4096,2423,2437,14
4096,2424,2437,13
4096,2425,2437,12
4096,2426,2437,11
4096,2427,2437,10
4096,2428,2437,9
4096,2429,2437,8
4096,2430,2437,7
4096,2431,2437,6
4096,2432,2437,5
4096,2433,2453,20
4096,2434,2453,19
4096,2435,2453,18
4096,2436,2453,17
4096,2437,2453,16
4096,2438,2453,15
4096,2439,2453,14
4096,2440,2453,13
4096,2441,2453,12
4096,2442,2453,11
4096,2443,2453,10
4096,2444,2453,9
4096,2445,2453,8
4096,2446,2453,7
4096,2447,2453,6
4096,2448,2453,5
4096,2449,2469,20
4096,2450,2469,19
4096,2451,2469,18
4096,2452,2469,17
4096,2453,2469,16
4096,2454,2469,15
4096,2455,2469,14
4096,2456,2469,13
4096,2457,2469,12
4096,2458,2469,11
4096,2459,2469,10
4096,2460,2469,9
4096,2461,2469,8
4096,2462,2469,7
4096,2463,2469,6
4096,2464,2469,5
4096,2465,2485,20
4096,2466,2485,19
4096,2467,2485,18
4096,2468,2485,17
4096,2469,2485,16
4096,2470,2485,15
4096,2471,2485,14
4096,2472,2485,13
4096,2473,2485,12
4096,2474,2485,11
4096,2475,2485,10
4096,2476,2485,9
4096,2477,2485,8
4096,2478,2485,7
4096,2479,2485,6
4096,2480,2485,5
4096,2481,2501,20
4096,2482,2501,19
4096,2483,2501,18
4096,2484,2501,17
4096,2485,2501,16
4096,2486,2501,15
4096,2487,2501,14
4096,2488,2501,13
4096,2489,2501,12
4096,2490,2501,11
4096,2491,2501,10
4096,2492,2501,9
4096,2493,2501,8
4096,2494,2501,7
4096,2495,2501,6
4096,2496,2501,5
4096,2497,2517,20
4096,2498,2517,19
4096,2499,2517,18
4096,2500,2517,17
4096,2501,2517,16
4096,2502,2517,15
4096,2503,2517,14
4096,2504,2517,13
4096,2505,2517,12
4096,2506,2517,11
4096,2507,2517,10
4096,2508,2517,9
4096,2509,2517,8
4096,2510,2517,7
4096,2511,2517,6
4096,2512,2517,5
4096,2513,2533,20
4096,2514,2533,19
4096,2515,2533,18
4096,2516,2533,17
4096,2517,2533,16
4096,2518,2533,15
4096,2519,2533,14
4096,2520,2533,13
4096,2521,2533,12
4096,2522,2533,11
4096,2523,2533,10
4096,2524,2533,9
4096,2525,2533,8
4096,2526,2533,7
4096,2527,2533,6
4096,2528,2533,5
4096,2529,2549,20
4096,2530,2549,19
4096,2531,2549,18
4096,2532,2549,17
4096,2533,2549,16
4096,2534,2549,15
4096,2535,2549,14
4096,2536,2549,13
4096,2537,2549,12
4096,2538,2549,11
4096,2539,2549,10
4096,2540,2549,9
4096,2541,2549,8
4096,2542,2549,7
4096,2543,2549,6
4096,2544,2549,5
4096,2545,2565,20
4096,2546,2565,19
4096,2547,2565,18
4096,2548,2565,17
4096,2549,2565,16
4096,2550,2565,15
4096,2551,2565,14
4096,2552,2565,13
4096,2553,2565,12
4096,2554,2565,11
4096,2555,2565,10
4096,2556,2565,9
4096,2557,2565,8
4096,2558,2565,7
4096,2559,2565,6
4096,2560,2565,5
4096,2561,2581,20
4096,2562,2581,19
4096,2563,2581,18
4096,2564,2581,17
4096,2565,2581,16
4096,2566,2581,15
4096,2567,2581,14
4096,2568,2581,13
4096,2569,2581,12
4096,2570,2581,11
4096,2571,2581,10
4096,2572,2581,9
4096,2573,2581,8
4096,2574,2581,7
4096,2575,2581,6
4096,2576,2581,5
4096,2577,2597,20
4096,2578,2597,19
4096,2579,2597,18
4096,2580,2597,17
4096,2581,2597,16
4096,2582,2597,15
4096,2583,2597,14
4096,2584,2597,13
4096,2585,2597,12
4096,2586,2597,11
4096,2587,2597,10
4096,2588,2597,9
4096,2589,2597,8
4096,2590,2597,7
4096,2591,2597,6
4096,2592,2597,5
4096,2593,2613,20
4096,2594,2613,19
4096,2595,2613,18
4096,2596,2613,17
4096,2597,2613,16
4096,2598,2613,15
4096,2599,2613,14
4096,2600,2613,13
4096,2601,2613,12
4096,2602,2613,11
4096,2603,2613,10
4096,2604,2613,9
4096,2605,2613,8
4096,2606,2613,7
4096,2607,2613,6
4096,2608,2613,5
4096,2609,2629,20
4096,2610,2629,19
4096,2611,2629,18
4096,2612,2629,17
4096,2613,2629,16
4096,2614,2629,15
4096,2615,2629,14
4096,2616,2629,13
4096,2617,2629,12
4096,2618,2629,11
4096,2619,2629,10
4096,2620,2629,9
4096,2621,2629,8
4096,2622,2629,7
4096,2623,2629,6
4096,2624,2629,5
4096,2625,2645,20
4096,2626,2645,19
4096,2627,2645,18
4096,2628,2645,17
4096,2629,2645,16
4096,2630,2645,15
4096,2631,2645,14
4096,2632,2645,13
4096,2633,2645,12
4096,2634,2645,11
4096,2635,2645,10
4096,2636,2645,9
4096,2637,2645,8
4096,2638,2645,7
4096,2639,2645,6
4096,2640,2645,5
4096,2641,2661,20
4096,2642,2661,19
4096,2643,2661,18
4096,2644,2661,17
4096,2645,2661,16
4096,2646,2661,15
4096,2647,2661,14
4096,2648,2661,13
4096,2649,2661,12
4096,2650,2661,11
4096,2651,2661,10
4096,2652,2661,9
4096,2653,2661,8
4096,2654,2661,7
4096,2655,2661,6
4096,2656,2661,5
4096,2657,2677,20
4096,2658,2677,19
4096,2659,2677,18
4096,2660,2677,17
4096,2661,2677,16
4096,2662,2677,15
4096,2663,2677,14
4096,2664,2677,13
4096,2665,2677,12
4096,2666,2677,11
4096,2667,2677,10
4096,2668,2677,9
4096,2669,2677,8
4096,2670,2677,7
4096,2671,2677,6
4096,2672,2677,5
4096,2673,2679,6
4096,2674,2680,6
4096,2675,2681,6
4096,2676,2682,6
4096,2677,2683,6
4096,2678,2684,6
4096,2679,2685,6
4096,2680,2686,6
4096,2681,2687,6
4096,2682,2688,6
4096,2683,2689,6
4096,2684,2690,6
4096,2685,2691,6
4096,2686,2692,6
4096,2687,2693,6
4096,2688,2694,6
4096,2689,2710,21
4096,2690,2710,20
4096,2691,2710,19
4096,2692,2710,18
4096,2693,2710,17
4096,2694,2710,16
4096,2695,2710,15
4096,2696,2710,14
4096,2697,2710,13
4096,2698,2710,12
4096,2699,2710,11
4096,2700,2710,10
4096,2701,2710,9
4096,2702,2710,8
4096,2703,2710,7
4096,2704,2710,6
4096,2705,2726,21
4096,2706,2726,20
4096,2707,2726,19
4096,2708,2726,18
4096,2709,2726,17
4096,2710,2726,16
4096,2711,2726,15
4096,2712,2726,14
4096,2713,2726,13
4096,2714,2726,12
4096,2715,2726,11
4096,2716,2726,10
4096,2717,2726,9
4096,2718,2726,8
4096,2719,2726,7
4096,2720,2726,6
4096,2721,2742,21
4096,2722,2742,20
4096,2723,2742,19
4096,2724,2742,18
4096,2725,2742,17
4096,2726,2742,16
4096,2727,2742,15
4096,2728,2742,14
4096,2729,2742,13
4096,2730,2742,12
4096,2731,2742,11
4096,2732,2742,10
4096,2733,2742,9
4096,2734,2742,8
4096,2735,2742,7
4096,2736,2742,6
4096,2737,2758,21
4096,2738,2758,20
4096,2739,2758,19
4096,2740,2758,18
4096,2741,2758,17
4096,2742,2758,16
4096,2743,2758,15
4096,2744,2758,14
4096,2745,2758,13
4096,2746,2758,12
4096,2747,2758,11
4096,2748,2758,10
4096,2749,2758,9
4096,2750,2758,8
4096,2751,2758,7
4096,2752,2758,6
4096,2753,2774,21
4096,2754,2774,20
4096,2755,2774,19
4096,2756,2774,18
4096,2757,2774,17
4096,2758,2774,16
4096,2759,2774,15
4096,2760,2774,14
4096,2761,2774,13
4096,2762,2774,12
4096,2763,2774,11
4096,2764,2774,10
4096,2765,2774,9
4096,2766,2774,8
4096,2767,2774,7
4096,2768,2774,6
4096,2769,2790,21
4096,2770,2790,20
4096,2771,2790,19
4096,2772,2790,18
4096,2773,2790,17
4096,2774,2790,16
4096,2775,2790,15
4096,2776,2790,14
4096,2777,2790,13
4096,2778,2790,12
4096,2779,2790,11
4096,2780,2790,10
4096,2781,2790,9
4096,2782,2790,8
4096,2783,2790,7
4096,2784,2790,6
4096,2785,2806,21
4096,2786,2806,20
4096,2787,2806,19
4096,2788,2806,18
4096,2789,2806,17
4096,2790,2806,16
4096,2791,2806,15
4096,2792,2806,14
4096,2793,2806,13
4096,2794,2806,12
4096,2795,2806,11
4096,2796,2806,10
4096,2797,2806,9
4096,2798,2806,8
4096,2799,2806,7
4096,2800,2806,6
4096,2801,2822,21
4096,2802,2822,20
4096,2803,2822,19
4096,2804,2822,18
4096,2805,2822,17
4096,2806,2822,16
4096,2807,2822,15
4096,2808,2822,14
4096,2809,2822,13
4096,2810,2822,12
4096,2811,2822,11
4096,2812,2822,10
4096,2813,2822,9
4096,2814,2822,8
4096,2815,2822,7
4096,2816,2822,6
4096,2817,2838,21
4096,2818,2838,20
4096,2819,2838,19
4096,2820,2838,18
4096,2821,2838,17
4096,2822,2838,16
4096,2823,2838,15
4096,2824,2838,14
4096,2825,2838,13
4096,2826,2838,12
4096,2827,2838,11
4096,2828,2838,10
4096,2829,2838,9
4096,2830,2838,8
4096,2831,2838,7
4096,2832,2838,6
4096,2833,2854,21
4096,2834,2854,20
4096,2835,2854,19
4096,2836,2854,18
4096,2837,2854,17
4096,2838,2854,16
4096,2839,2854,15
4096,2840,2854,14
4096,2841,2854,13
4096,2842,2854,12
4096,2843,2854,11
4096,2844,2854,10
4096,2845,2854,9
4096,2846,2854,8
4096,2847,2854,7
4096,2848,2854,6
4096,2849,2870,21
4096,2850,2870,20
4096,2851,2870,19
4096,2852,2870,18
4096,2853,2870,17
4096,2854,2870,16
4096,2855,2870,15
4096,2856,2870,14
4096,2857,2870,13
4096,2858,2870,12
4096,2859,2870,11
4096,2860,2870,10
4096,2861,2870,9
4096,2862,2870,8
4096,2863,2870,7
4096,2864,2870,6
4096,2865,2886,21
4096,2866,2886,20
4096,2867,2886,19
4096,2868,2886,18
4096,2869,2886,17
4096,2870,2886,16
4096,2871,2886,15
4096,2872,2886,14
4096,2873,2886,13
4096,2874,2886,12
4096,2875,2886,11
4096,2876,2886,10
4096,2877,2886,9
4096,2878,2886,8
4096,2879,2886,7
4096,2880,2886,6
4096,2881,2902,21
4096,2882,2902,20
4096,2883,2902,19
4096,2884,2902,18
4096,2885,2902,17
4096,2886,2902,16
4096,2887,2902,15
4096,2888,2902,14
4096,2889,2902,13
4096,2890,2902,12
4096,2891,2902,11
4096,2892,2902,10
4096,2893,2902,9
4096,2894,2902,8
4096,2895,2902,7
4096,2896,2902,6
4096,2897,2918,21
4096,2898,2918,20
4096,2899,2918,19
4096,2900,2918,18
4096,2901,2918,17
4096,2902,2918,16
4096,2903,2918,15
4096,2904,2918,14
4096,2905,2918,13
4096,2906,2918,12
4096,2907,2918,11
4096,2908,2918,10
4096,2909,2918,9
4096,2910,2918,8
4096,2911,2918,7
4096,2912,2918,6
4096,2913,2934,21
4096,2914,2934,20
4096,2915,2934,19
4096,2916,2934,18
4096,2917,2934,17
4096,2918,2934,16
4096,2919,2934,15
4096,2920,2934,14
4096,2921,2934,13
4096,2922,2934,12
4096,2923,2934,11
4096,2924,2934,10
4096,2925,2934,9
4096,2926,2934,8
4096,2927,2934,7
4096,2928,2934,6
4096,2929,2950,21
4096,2930,2950,20
4096,2931,2950,19
4096,2932,2950,18
4096,2933,2950,17
4096,2934,2950,16
4096,2935,2950,15
4096,2936,2950,14
4096,2937,2950,13
4096,2938,2950,12
4096,2939,2950,11
4096,2940,2950,10
4096,2941,2950,9
4096,2942,2950,8
4096,2943,2950,7
4096,2944,2950,6
4096,2945,2966,21
4096,2946,2966,20
4096,2947,2966,19
4096,2948,2966,18
4096,2949,2966,17
4096,2950,2966,16
4096,2951,2966,15
4096,2952,2966,14
4096,2953,2966,13
4096,2954,2966,12
4096,2955,2966,11
4096,2956,2966,10
4096,2957,2966,9
4096,2958,2966,8
4096,2959,2966,7
4096,2960,2966,6
4096,2961,2982,21
4096,2962,2982,20
4096,2963,2982,19
4096,2964,2982,18
4096,2965,2982,17
4096,2966,2982,16
4096,2967,2982,15
4096,2968,2982,14
4096,2969,2982,13
4096,2970,2982,12
4096,2971,2982,11
4096,2972,2982,10
4096,2973,2982,9
4096,2974,2982,8
4096,2975,2982,7
4096,2976,2982,6
4096,2977,2998,21
4096,2978,2998,20
4096,2979,2998,19
4096,2980,2998,18
4096,2981,2998,17
4096,2982,2998,16
4096,2983,2998,15
4096,2984,2998,14
4096,2985,2998,13
4096,2986,2998,12
4096,2987,2998,11
4096,2988,2998,10
4096,2989,2998,9
4096,2990,2998,8
4096,2991,2998,7
4096,2992,2998,6
4096,2993,3014,21
4096,2994,3014,20
4096,2995,3014,19
4096,2996,3014,18
4096,2997,3014,17
4096,2998,3014,16
4096,2999,3014,15
4096,3000,3014,14
4096,3001,3014,13
4096,3002,3014,12
4096,3003,3014,11
4096,3004,3014,10
4096,3005,3014,9
4096,3006,3014,8
4096,3007,3014,7
4096,3008,3014,6
4096,3009,3030,21
4096,3010,3030,20
4096,3011,3030,19
4096,3012,3030,18
4096,3013,3030,17
4096,3014,3030,16
4096,3015,3030,15
4096,3016,3030,14
4096,3017,3030,13
4096,3018,3030,12
4096,3019,3030,11
4096,3020,3030,10
4096,3021,3030,9
4096,3022,3030,8
4096,3023,3030,7
4096,3024,3030,6
4096,3025,3046,21
4096,3026,3046,20
4096,3027,3046,19
4096,3028,3046,18
4096,3029,3046,17
4096,3030,3046,16
4096,3031,3046,15
4096,3032,3046,14
4096,3033,3046,13
4096,3034,3046,12
4096,3035,3046,11
4096,3036,3046,10
4096,3037,3046,9
4096,3038,3046,8
4096,3039,3046,7
4096,3040,3046,6
4096,3041,3062,21
4096,3042,3062,20
4096,3043,3062,19
4096,3044,3062,18
4096,3045,3062,17
4096,3046,3062,16
4096,3047,3062,15
4096,3048,3062,14
4096,3049,3062,13
4096,3050,3062,12
4096,3051,3062,11
4096,3052,3062,10
4096,3053,3062,9
4096,3054,3062,8
4096,3055,3062,7
4096,3056,3062,6
4096,3057,3078,21
4096,3058,3078,20
4096,3059,3078,19
4096,3060,3078,18
4096,3061,3078,17
4096,3062,3078,16
4096,3063,3078,15
4096,3064,3078,14
4096,3065,3078,13
4096,3066,3078,12
4096,3067,3078,11
4096,3068,3078,10
4096,3069,3078,9
4096,3070,3078,8
4096,3071,3078,7
4096,3072,3078,6
4096,3073,3094,21
4096,3074,3094,20
4096,3075,3094,19
4096,3076,3094,18
4096,3077,3094,17
4096,3078,3094,16
4096,3079,3094,15
4096,3080,3094,14
4096,3081,3094,13
4096,3082,3094,12
4096,3083,3094,11
4096,3084,3094,10
4096,3085,3094,9
4096,3086,3094,8
4096,3087,3094,7
4096,3088,3094,6
4096,3089,3110,21
4096,3090,3110,20
4096,3091,3110,19
4096,3092,3110,18
4096,3093,3110,17
4096,3094,3110,16
4096,3095,3110,15
4096,3096,3110,14
4096,3097,3110,13
4096,3098,3110,12
4096,3099,3110,11
4096,3100,3110,10
4096,3101,3110,9
4096,3102,3110,8
4096,3103,3110,7
4096,3104,3110,6
4096,3105,3126,21
4096,3106,3126,20
4096,3107,3126,19
4096,3108,3126,18
4096,3109,3126,17
4096,3110,3126,16
4096,3111,3126,15
4096,3112,3126,14
4096,3113,3126,13
4096,3114,3126,12
4096,3115,3126,11
4096,3116,3126,10
4096,3117,3126,9
4096,3118,3126,8
4096,3119,3126,7
4096,3120,3126,6
4096,3121,3142,21
4096,3122,3142,20
4096,3123,3142,19
4096,3124,3142,18
4096,3125,3142,17
4096,3126,3142,16
4096,3127,3142,15
4096,3128,3142,14
4096,3129,3142,13
4096,3130,3142,12
4096,3131,3142,11
4096,3132,3142,10
4096,3133,3142,9
4096,3134,3142,8
4096,3135,3142,7
4096,3136,3142,6
4096,3137,3158,21
4096,3138,3158,20
4096,3139,3158,19
4096,3140,3158,18
4096,3141,3158,17
4096,3142,3158,16
4096,3143,3158,15
4096,3144,3158,14
4096,3145,3158,13
4096,3146,3158,12
4096,3147,3158,11
4096,3148,3158,10
4096,3149,3158,9
4096,3150,3158,8
4096,3151,3158,7
4096,3152,3158,6
4096,3153,3174,21
4096,3154,3174,20
4096,3155,3174,19
4096,3156,3174,18
4096,3157,3174,17
4096,3158,3174,16
4096,3159,3174,15
4096,3160,3174,14
4096,3161,3174,13
4096,3162,3174,12
4096,3163,3174,11
4096,3164,3174,10
4096,3165,3174,9
4096,3166,3174,8
4096,3167,3174,7
4096,3168,3174,6
4096,3169,3190,21
4096,3170,3190,20
4096,3171,3190,19
4096,3172,3190,18
4096,3173,3190,17
4096,3174,3190,16
4096,3175,3190,15
4096,3176,3190,14
4096,3177,3190,13
4096,3178,3190,12
4096,3179,3190,11
4096,3180,3190,10
4096,3181,3190,9
4096,3182,3190,8
4096,3183,3190,7
4096,3184,3190,6
4096,3185,3192,7
4096,3186,3193,7
4096,3187,3194,7
4096,3188,3195,7
4096,3189,3196,7
4096,3190,3197,7
4096,3191,3198,7
4096,3192,3199,7
4096,3193,3200,7
4096,3194,3201,7
4096,3195,3202,7
4096,3196,3203,7
4096,3197,3204,7
4096,3198,3205,7
4096,3199,3206,7
4096,3200,3207,7
4096,3201,3223,22
4096,3202,3223,21
4096,3203,3223,20
4096,3204,3223,19
4096,3205,3223,18
4096,3206,3223,17
4096,3207,3223,16
4096,3208,3223,15
4096,3209,3223,14
4096,3210,3223,13
4096,3211,3223,12
4096,3212,3223,11
4096,3213,3223,10
4096,3214,3223,9
4096,3215,3223,8
4096,3216,3223,7
4096,3217,3239,22
4096,3218,3239,21
4096,3219,3239,20
4096,3220,3239,19
4096,3221,3239,18
4096,3222,3239,17
4096,3223,3239,16
4096,3224,3239,15
4096,3225,3239,14
4096,3226,3239,13
4096,3227,3239,12
4096,3228,3239,11
4096,3229,3239,10
4096,3230,3239,9
4096,3231,3239,8
4096,3232,3239,7
4096,3233,3255,22
4096,3234,3255,21
4096,3235,3255,20
4096,3236,3255,19
4096,3237,3255,18
4096,3238,3255,17
4096,3239,3255,16
4096,3240,3255,15
4096,3241,3255,14
4096,3242,3255,13
4096,3243,3255,12
4096,3244,3255,11
4096,3245,3255,10
4096,3246,3255,9
4096,3247,3255,8
4096,3248,3255,7
4096,3249,3271,22
4096,3250,3271,21
4096,3251,3271,20
4096,3252,3271,19
4096,3253,3271,18
4096,3254,3271,17
4096,3255,3271,16
4096,3256,3271,15
4096,3257,3271,14
4096,3258,3271,13
4096,3259,3271,12
4096,3260,3271,11
4096,3261,3271,10
4096,3262,3271,9
4096,3263,3271,8
4096,3264,3271,7
4096,3265,3287,22
4096,3266,3287,21
4096,3267,3287,20
4096,3268,3287,19
4096,3269,3287,18
4096,3270,3287,17
4096,3271,3287,16
4096,3272,3287,15
4096,3273,3287,14
4096,3274,3287,13
4096,3275,3287,12
4096,3276,3287,11
4096,3277,3287,10
4096,3278,3287,9
4096,3279,3287,8
4096,3280,3287,7
4096,3281,3303,22
4096,3282,3303,21
4096,3283,3303,20
4096,3284,3303,19
4096,3285,3303,18
4096,3286,3303,17
4096,3287,3303,16
4096,3288,3303,15
4096,3289,3303,14
4096,3290,3303,13
4096,3291,3303,12
4096,3292,3303,11
4096,3293,3303,10
4096,3294,3303,9
4096,3295,3303,8
4096,3296,3303,7
4096,3297,3319,22
4096,3298,3319,21
4096,3299,3319,20
4096,3300,3319,19
4096,3301,3319,18
4096,3302,3319,17
4096,3303,3319,16
4096,3304,3319,15
4096,3305,3319,14
4096,3306,3319,13
4096,3307,3319,12
4096,3308,3319,11
4096,3309,3319,10
4096,3310,3319,9
4096,3311,3319,8
4096,3312,3319,7
4096,3313,3335,22
4096,3314,3335,21
4096,3315,3335,20
4096,3316,3335,19
4096,3317,3335,18
4096,3318,3335,17
4096,3319,3335,16
4096,3320,3335,15
4096,3321,3335,14
4096,3322,3335,13
4096,3323,3335,12
4096,3324,3335,11
4096,3325,3335,10
4096,3326,3335,9
4096,3327,3335,8
4096,3328,3335,7
4096,3329,3351,22
4096,3330,3351,21
4096,3331,3351,20
4096,3332,3351,19
4096,3333,3351,18
4096,3334,3351,17
4096,3335,3351,16
4096,3336,3351,15
4096,3337,3351,14
4096,3338,3351,13
4096,3339,3351,12
4096,3340,3351,11
4096,3341,3351,10
4096,3342,3351,9
4096,3343,3351,8
4096,3344,3351,7
4096,3345,3367,22
4096,3346,3367,21
4096,3347,3367,20
4096,3348,3367,19
4096,3349,3367,18
4096,3350,3367,17
4096,3351,3367,16
4096,3352,3367,15
4096,3353,3367,14
4096,3354,3367,13
4096,3355,3367,12
4096,3356,3367,11
4096,3357,3367,10
4096,3358,3367,9
4096,3359,3367,8
4096,3360,3367,7
4096,3361,3383,22
4096,3362,3383,21
4096,3363,3383,20
4096,3364,3383,19
4096,3365,3383,18
4096,3366,3383,17
4096,3367,3383,16
4096,3368,3383,15
4096,3369,3383,14
4096,3370,3383,13
4096,3371,3383,12
4096,3372,3383,11
4096,3373,3383,10
4096,3374,3383,9
4096,3375,3383,8
4096,3376,3383,7
4096,3377,3399,22
4096,3378,3399,21
4096,3379,3399,20
4096,3380,3399,19
4096,3381,3399,18
4096,3382,3399,17
4096,3383,3399,16
4096,3384,3399,15
4096,3385,3399,14
4096,3386,3399,13
4096,3387,3399,12
4096,3388,3399,11
4096,3389,3399,10
4096,3390,3399,9
4096,3391,3399,8
4096,3392,3399,7
4096,3393,3415,22
4096,3394,3415,21
4096,3395,3415,20
4096,3396,3415,19
4096,3397,3415,18
4096,3398,3415,17
4096,3399,3415,16
4096,3400,3415,15
4096,3401,3415,14
4096,3402,3415,13
4096,3403,3415,12
4096,3404,3415,11
4096,3405,3415,10
4096,3406,3415,9
4096,3407,3415,8
4096,3408,3415,7
4096,3409,3431,22
4096,3410,3431,21
4096,3411,3431,20
4096,3412,3431,19
4096,3413,3431,18
4096,3414,3431,17
4096,3415,3431,16
4096,3416,3431,15
4096,3417,3431,14
4096,3418,3431,13
4096,3419,3431,12
4096,3420,3431,11
4096,3421,3431,10
4096,3422,3431,9
4096,3423,3431,8
4096,3424,3431,7
4096,3425,3447,22
4096,3426,3447,21
4096,3427,3447,20
4096,3428,3447,19
4096,3429,3447,18
4096,3430,3447,17
4096,3431,3447,16
4096,3432,3447,15
4096,3433,3447,14
4096,3434,3447,13
4096,3435,3447,12
4096,3436,3447,11
4096,3437,3447,10
4096,3438,3447,9
4096,3439,3447,8
4096,3440,3447,7
4096,3441,3463,22
4096,3442,3463,21
4096,3443,3463,20
4096,3444,3463,19
4096,3445,3463,18
4096,3446,3463,17
4096,3447,3463,16
4096,3448,3463,15
4096,3449,3463,14
4096,3450,3463,13
4096,3451,3463,12
4096,3452,3463,11
4096,3453,3463,10
4096,3454,3463,9
4096,3455,3463,8
4096,3456,3463,7
4096,3457,3479,22
4096,3458,3479,21
4096,3459,3479,20
4096,3460,3479,19
4096,3461,3479,18
4096,3462,3479,17
4096,3463,3479,16
4096,3464,3479,15
4096,3465,3479,14
4096,3466,3479,13
4096,3467,3479,12
4096,3468,3479,11
4096,3469,3479,10
4096,3470,3479,9
4096,3471,3479,8
4096,3472,3479,7
4096,3473,3495,22
4096,3474,3495,21
4096,3475,3495,20
4096,3476,3495,19
4096,3477,3495,18
4096,3478,3495,17
4096,3479,3495,16
4096,3480,3495,15
4096,3481,3495,14
4096,3482,3495,13
4096,3483,3495,12
4096,3484,3495,11
4096,3485,3495,10
4096,3486,3495,9
4096,3487,3495,8
4096,3488,3495,7
4096,3489,3511,22
4096,3490,3511,21
4096,3491,3511,20
4096,3492,3511,19
4096,3493,3511,18
4096,3494,3511,17
4096,3495,3511,16
4096,3496,3511,15
4096,3497,3511,14
4096,3498,3511,13
4096,3499,3511,12
4096,3500,3511,11
4096,3501,3511,10
4096,3502,3511,9
4096,3503,3511,8
4096,3504,3511,7
4096,3505,3527,22
4096,3506,3527,21
4096,3507,3527,20
4096,3508,3527,19
4096,3509,3527,18
4096,3510,3527,17
4096,3511,3527,16
4096,3512,3527,15
4096,3513,3527,14
4096,3514,3527,13
4096,3515,3527,12
4096,3516,3527,11
4096,3517,3527,10
4096,3518,3527,9
4096,3519,3527,8
4096,3520,3527,7
4096,3521,3543,22
4096,3522,3543,21
4096,3523,3543,20
4096,3524,3543,19
4096,3525,3543,18
4096,3526,3543,17
4096,3527,3543,16
4096,3528,3543,15
4096,3529,3543,14
4096,3530,3543,13
4096,3531,3543,12
4096,3532,3543,11
4096,3533,3543,10
4096,3534,3543,9
4096,3535,3543,8
4096,3536,3543,7
4096,3537,3559,22
4096,3538,3559,21
4096,3539,3559,20
4096,3540,3559,19
4096,3541,3559,18
4096,3542,3559,17
4096,3543,3559,16
4096,3544,3559,15
4096,3545,3559,14
4096,3546,3559,13
4096,3547,3559,12
4096,3548,3559,11
4096,3549,3559,10
4096,3550,3559,9
4096,3551,3559,8
4096,3552,3559,7
4096,3553,3575,22
4096,3554,3575,21
4096,3555,3575,20
4096,3556,3575,19
4096,3557,3575,18
4096,3558,3575,17
4096,3559,3575,16
4096,3560,3575,15
4096,3561,3575,14
4096,3562,3575,13
4096,3563,3575,12
4096,3564,3575,11
4096,3565,3575,10
4096,3566,3575,9
4096,3567,3575,8
4096,3568,3575,7
4096,3569,3591,22
4096,3570,3591,21
4096,3571,3591,20
4096,3572,3591,19
4096,3573,3591,18
4096,3574,3591,17
4096,3575,3591,16
4096,3576,3591,15
4096,3577,3591,14
4096,3578,3591,13
4096,3579,3591,12
4096,3580,3591,11
4096,3581,3591,10
4096,3582,3591,9
4096,3583,3591,8
4096,3584,3591,7
4096,3585,3607,22
4096,3586,3607,21
4096,3587,3607,20
4096,3588,3607,19
4096,3589,3607,18
4096,3590,3607,17
4096,3591,3607,16
4096,3592,3607,15
4096,3593,3607,14
4096,3594,3607,13
4096,3595,3607,12
4096,3596,3607,11
4096,3597,3607,10
4096,3598,3607,9
4096,3599,3607,8
4096,3600,3607,7
4096,3601,3623,22
4096,3602,3623,21
4096,3603,3623,20
4096,3604,3623,19
4096,3605,3623,18
4096,3606,3623,17
4096,3607,3623,16
4096,3608,3623,15
4096,3609,3623,14
4096,3610,3623,13
4096,3611,3623,12
4096,3612,3623,11
4096,3613,3623,10
4096,3614,3623,9
4096,3615,3623,8
4096,3616,3623,7
4096,3617,3639,22
4096,3618,3639,21
4096,3619,3639,20
4096,3620,3639,19
4096,3621,3639,18
4096,3622,3639,17
4096,3623,3639,16
4096,3624,3639,15
4096,3625,3639,14
4096,3626,3639,13
4096,3627,3639,12
4096,3628,3639,11
4096,3629,3639,10
4096,3630,3639,9
4096,3631,3639,8
4096,3632,3639,7
4096,3633,3655,22
4096,3634,3655,21
4096,3635,3655,20
4096,3636,3655,19
4096,3637,3655,18
4096,3638,3655,17
4096,3639,3655,16
4096,3640,3655,15
4096,3641,3655,14
4096,3642,3655,13
4096,3643,3655,12
4096,3644,3655,11
4096,3645,3655,10
4096,3646,3655,9
4096,3647,3655,8
4096,3648,3655,7
4096,3649,3671,22
4096,3650,3671,21
4096,3651,3671,20
4096,3652,3671,19
4096,3653,3671,18
4096,3654,3671,17
4096,3655,3671,16
4096,3656,3671,15
4096,3657,3671,14
4096,3658,3671,13
4096,3659,3671,12
4096,3660,3671,11
4096,3661,3671,10
4096,3662,3671,9
4096,3663,3671,8
4096,3664,3671,7
4096,3665,3687,22
4096,3666,3687,21
4096,3667,3687,20
4096,3668,3687,19
4096,3669,3687,18
4096,3670,3687,17
4096,3671,3687,16
4096,3672,3687,15
4096,3673,3687,14
4096,3674,3687,13
4096,3675,3687,12
4096,3676,3687,11
4096,3677,3687,10
4096,3678,3687,9
4096,3679,3687,8
4096,3680,3687,7
4096,3681,3703,22
4096,3682,3703,21
4096,3683,3703,20
4096,3684,3703,19
4096,3685,3703,18
4096,3686,3703,17
4096,3687,3703,16
4096,3688,3703,15
4096,3689,3703,14
4096,3690,3703,13
4096,3691,3703,12
4096,3692,3703,11
4096,3693,3703,10
4096,3694,3703,9
4096,3695,3703,8
4096,3696,3703,7
4096,3697,3705,8
4096,3698,3706,8
4096,3699,3707,8
4096,3700,3708,8
4096,3701,3709,8
4096,3702,3710,8
4096,3703,3711,8
4096,3704,3712,8
4096,3705,3713,8
4096,3706,3714,8
4096,3707,3715,8
4096,3708,3716,8
4096,3709,3717,8
4096,3710,3718,8
4096,3711,3719,8
4096,3712,3720,8
4096,3713,3736,23
4096,3714,3736,22
4096,3715,3736,21
4096,3716,3736,20
4096,3717,3736,19
4096,3718,3736,18
4096,3719,3736,17
4096,3720,3736,16
4096,3721,3736,15
4096,3722,3736,14
4096,3723,3736,13
4096,3724,3736,12
4096,3725,3736,11
4096,3726,3736,10
4096,3727,3736,9
4096,3728,3736,8
4096,3729,3752,23
4096,3730,3752,22
4096,3731,3752,21
4096,3732,3752,20
4096,3733,3752,19
4096,3734,3752,18
4096,3735,3752,17
4096,3736,3752,16
4096,3737,3752,15
4096,3738,3752,14
4096,3739,3752,13
4096,3740,3752,12
4096,3741,3752,11
4096,3742,3752,10
4096,3743,3752,9
4096,3744,3752,8
4096,3745,3768,23
4096,3746,3768,22
4096,3747,3768,21
4096,3748,3768,20
4096,3749,3768,19
4096,3750,3768,18
4096,3751,3768,17
4096,3752,3768,16
4096,3753,3768,15
4096,3754,3768,14
4096,3755,3768,13
4096,3756,3768,12
4096,3757,3768,11
4096,3758,3768,10
4096,3759,3768,9
4096,3760,3768,8
4096,3761,3784,23
4096,3762,3784,22
4096,3763,3784,21
4096,3764,3784,20
4096,3765,3784,19
4096,3766,3784,18
4096,3767,3784,17
4096,3768,3784,16
4096,3769,3784,15
4096,3770,3784,14
4096,3771,3784,13
4096,3772,3784,12
4096,3773,3784,11
4096,3774,3784,10
4096,3775,3784,9
4096,3776,3784,8
4096,3777,3800,23
4096,3778,3800,22
4096,3779,3800,21
4096,3780,3800,20
4096,3781,3800,19
4096,3782,3800,18
4096,3783,3800,17
4096,3784,3800,16
4096,3785,3800,15
4096,3786,3800,14
4096,3787,3800,13
4096,3788,3800,12
4096,3789,3800,11
4096,3790,3800,10
4096,3791,3800,9
4096,3792,3800,8
4096,3793,3816,23
4096,3794,3816,22
4096,3795,3816,21
4096,3796,3816,20
4096,3797,3816,19
4096,3798,3816,18
4096,3799,3816,17
4096,3800,3816,16
4096,3801,3816,15
4096,3802,3816,14
4096,3803,3816,13
4096,3804,3816,12
4096,3805,3816,11
4096,3806,3816,10
4096,3807,3816,9
4096,3808,3816,8
4096,3809,3832,23
4096,3810,3832,22
4096,3811,3832,21
4096,3812,3832,20
4096,3813,3832,19
4096,3814,3832,18
4096,3815,3832,17
4096,3816,3832,16
4096,3817,3832,15
4096,3818,3832,14
4096,3819,3832,13
4096,3820,3832,12
4096,3821,3832,11
4096,3822,3832,10
4096,3823,3832,9
4096,3824,3832,8
4096,3825,3848,23
4096,3826,3848,22
4096,3827,3848,21
4096,3828,3848,20
4096,3829,3848,19
4096,3830,3848,18
4096,3831,3848,17
4096,3832,3848,16
4096,3833,3848,15
4096,3834,3848,14
4096,3835,3848,13
4096,3836,3848,12
4096,3837,3848,11
4096,3838,3848,10
4096,3839,3848,9
4096,3840,3848,8
4096,3841,3864,23
4096,3842,3864,22
4096,3843,3864,21
4096,3844,3864,20
4096,3845,3864,19
4096,3846,3864,18
4096,3847,3864,17
4096,3848,3864,16
4096,3849,3864,15
4096,3850,3864,14
4096,3851,3864,13
4096,3852,3864,12
4096,3853,3864,11
4096,3854,3864,10
4096,3855,3864,9
4096,3856,3864,8
4096,3857,3880,23
4096,3858,3880,22
4096,3859,3880,21
4096,3860,3880,20
4096,3861,3880,19
4096,3862,3880,18
4096,3863,3880,17
4096,3864,3880,16
4096,3865,3880,15
4096,3866,3880,14
4096,3867,3880,13
4096,3868,3880,12
4096,3869,3880,11
4096,3870,3880,10
4096,3871,3880,9
4096,3872,3880,8
4096,3873,3896,23
4096,3874,3896,22
4096,3875,3896,21
4096,3876,3896,20
4096,3877,3896,19
4096,3878,3896,18
4096,3879,3896,17
4096,3880,3896,16
4096,3881,3896,15
4096,3882,3896,14
4096,3883,3896,13
4096,3884,3896,12
4096,3885,3896,11
4096,3886,3896,10
4096,3887,3896,9
4096,3888,3896,8
4096,3889,3912,23
4096,3890,3912,22
4096,3891,3912,21
4096,3892,3912,20
4096,3893,3912,19
4096,3894,3912,18
4096,3895,3912,17
4096,3896,3912,16
4096,3897,3912,15
4096,3898,3912,14
4096,3899,3912,13
4096,3900,3912,12
4096,3901,3912,11
4096,3902,3912,10
4096,3903,3912,9
4096,3904,3912,8
4096,3905,3928,23
4096,3906,3928,22
4096,3907,3928,21
4096,3908,3928,20
4096,3909,3928,19
4096,3910,3928,18
4096,3911,3928,17
4096,3912,3928,16
4096,3913,3928,15
4096,3914,3928,14
4096,3915,3928,13
4096,3916,3928,12
4096,3917,3928,11
4096,3918,3928,10
4096,3919,3928,9
4096,3920,3928,8
4096,3921,3944,23
4096,3922,3944,22
4096,3923,3944,21
4096,3924,3944,20
4096,3925,3944,19
4096,3926,3944,18
4096,3927,3944,17
4096,3928,3944,16
4096,3929,3944,15
4096,3930,3944,14
4096,3931,3944,13
4096,3932,3944,12
4096,3933,3944,11
4096,3934,3944,10
4096,3935,3944,9
4096,3936,3944,8
4096,3937,3960,23
4096,3938,3960,22
4096,3939,3960,21
4096,3940,3960,20
4096,3941,3960,19
4096,3942,3960,18
4096,3943,3960,17
4096,3944,3960,16
4096,3945,3960,15
4096,3946,3960,14
4096,3947,3960,13
4096,3948,3960,12
4096,3949,3960,11
4096,3950,3960,10
4096,3951,3960,9
4096,3952,3960,8
4096,3953,3976,23
4096,3954,3976,22
4096,3955,3976,21
4096,3956,3976,20
4096,3957,3976,19
4096,3958,3976,18
4096,3959,3976,17
4096,3960,3976,16
4096,3961,3976,15
4096,3962,3976,14
4096,3963,3976,13
4096,3964,3976,12
4096,3965,3976,11
4096,3966,3976,10
4096,3967,3976,9
4096,3968,3976,8
4096,3969,3992,23
4096,3970,3992,22
4096,3971,3992,21
4096,3972,3992,20
4096,3973,3992,19
4096,3974,3992,18
4096,3975,3992,17
4096,3976,3992,16
4096,3977,3992,15
4096,3978,3992,14
4096,3979,3992,13
4096,3980,3992,12
4096,3981,3992,11
4096,3982,3992,10
4096,3983,3992,9
4096,3984,3992,8
4096,3985,4008,23
4096,3986,4008,22
4096,3987,4008,21
4096,3988,4008,20
4096,3989,4008,19
4096,3990,4008,18
4096,3991,4008,17
4096,3992,4008,16
4096,3993,4008,15
4096,3994,4008,14
4096,3995,4008,13
4096,3996,4008,12
4096,3997,4008,11
4096,3998,4008,10
4096,3999,4008,9
4096,4000,4008,8
4096,4001,4024,23
4096,4002,4024,22
4096,4003,4024,21
4096,4004,4024,20
4096,4005,4024,19
4096,4006,4024,18
4096,4007,4024,17
4096,4008,4024,16
4096,4009,4024,15
4096,4010,4024,14
4096,4011,4024,13
4096,4012,4024,12
4096,4013,4024,11
4096,4014,4024,10
4096,4015,4024,9
4096,4016,4024,8
4096,4017,4040,23
4096,4018,4040,22
4096,4019,4040,21
4096,4020,4040,20
4096,4021,4040,19
4096,4022,4040,18
4096,4023,4040,17
4096,4024,4040,16
4096,4025,4040,15
4096,4026,4040,14
4096,4027,4040,13
4096,4028,4040,12
4096,4029,4040,11
4096,4030,4040,10
4096,4031,4040,9
4096,4032,4040,8
4096,4033,4056,23
4096,4034,4056,22
4096,4035,4056,21
4096,4036,4056,20
4096,4037,4056,19
4096,4038,4056,18
4096,4039,4056,17
4096,4040,4056,16
4096,4041,4056,15
4096,4042,4056,14
4096,4043,4056,13
4096,4044,4056,12
4096,4045,4056,11
4096,4046,4056,10
4096,4047,4056,9
4096,4048,4056,8
4096,4049,4072,23
4096,4050,4072,22
4096,4051,4072,21
4096,4052,4072,20
4096,4053,4072,19
4096,4054,4072,18
4096,4055,4072,17
4096,4056,4072,16
4096,4057,4072,15
4096,4058,4072,14
4096,4059,4072,13
4096,4060,4072,12
4096,4061,4072,11
4096,4062,4072,10
4096,4063,4072,9
4096,4064,4072,8
4096,4065,4088,23
4096,4066,4088,22
4096,4067,4088,21
4096,4068,4088,20
4096,4069,4088,19
4096,4070,4088,18
4096,4071,4088,17
4096,4072,4088,16
4096,4073,4088,15
4096,4074,4088,14
4096,4075,4088,13
4096,4076,4088,12
4096,4077,4088,11
4096,4078,4088,10
4096,4079,4088,9
4096,4080,4088,8
4096,4081,4104,23
4096,4082,4104,22
4096,4083,4104,21
4096,4084,4104,20
4096,4085,4104,19
4096,4086,4104,18
4096,4087,4104,17
4096,4088,4104,16
4096,4089,4104,15
4096,4090,4104,14
4096,4091,4104,13
4096,4092,4104,12
4096,4093,4104,11
4096,4094,4104,10
4096,4095,4104,9
